YYYYMMDD,Location,Country,Topic,Count
02/18/2015,SF,South Africa,ECON_STOCKMARKET,3
02/19/2015,BE,Belgium,ECON_STOCKMARKET,1
02/19/2015,BR,Brazil,ECON_STOCKMARKET,3
02/19/2015,EG,Egypt,ECON_STOCKMARKET,6
02/19/2015,MK,Macedonia,ECON_STOCKMARKET,1
02/19/2015,MX,Mexico,ECON_STOCKMARKET,1
02/19/2015,NZ,New Zealand,ECON_STOCKMARKET,1
02/19/2015,US,United States,ECON_STOCKMARKET,11
02/20/2015,CO,Colombia,ECON_STOCKMARKET,3
02/20/2015,DA,Denmark,ECON_STOCKMARKET,4
02/20/2015,EC,Ecuador,ECON_STOCKMARKET,2
02/20/2015,GR,Greece,ECON_STOCKMARKET,1
02/20/2015,IN,India,ECON_STOCKMARKET,1
02/20/2015,UP,Ukraine,ECON_STOCKMARKET,1
02/20/2015,US,United States,ECON_STOCKMARKET,1
02/20/2015,VE,Venezuela,ECON_STOCKMARKET,2
02/22/2015,PK,Pakistan,ECON_STOCKMARKET,1
02/22/2015,UP,Ukraine,ECON_STOCKMARKET,1
02/23/2015,BG,Bangladesh,ECON_STOCKMARKET,1
02/23/2015,IN,India,ECON_STOCKMARKET,2
02/23/2015,MX,Mexico,ECON_STOCKMARKET,1
02/23/2015,TW,Taiwan,ECON_STOCKMARKET,25
02/23/2015,US,United States,ECON_STOCKMARKET,1
02/24/2015,AR,Argentina,ECON_STOCKMARKET,1
02/24/2015,AS,Australia,ECON_STOCKMARKET,1
02/24/2015,CU,Cuba,ECON_STOCKMARKET,1
02/24/2015,EG,Egypt,ECON_STOCKMARKET,1
02/24/2015,FI,Finland,ECON_STOCKMARKET,1
02/24/2015,GM,Germany,ECON_STOCKMARKET,4
02/24/2015,GR,Greece,ECON_STOCKMARKET,1
02/24/2015,MO,Morocco,ECON_STOCKMARKET,1
02/24/2015,NL,Netherlands,ECON_STOCKMARKET,1
02/24/2015,PK,Pakistan,ECON_STOCKMARKET,1
02/24/2015,SZ,Switzerland,ECON_STOCKMARKET,1
02/24/2015,UK,United Kingdom,ECON_STOCKMARKET,2
02/24/2015,US,United States,ECON_STOCKMARKET,2
02/24/2015,YM,Yemen,ECON_STOCKMARKET,1
02/25/2015,BR,Brazil,ECON_STOCKMARKET,1
02/25/2015,EG,Egypt,ECON_STOCKMARKET,3
02/25/2015,EI,Ireland,ECON_STOCKMARKET,1
02/25/2015,GM,Germany,ECON_STOCKMARKET,2
02/25/2015,GR,Greece,ECON_STOCKMARKET,5
02/25/2015,JA,Japan,ECON_STOCKMARKET,1
02/25/2015,KS,"Korea, South",ECON_STOCKMARKET,3
02/25/2015,MP,Mauritius,ECON_STOCKMARKET,1
02/25/2015,TI,Tajikistan,ECON_STOCKMARKET,1
02/25/2015,UK,United Kingdom,ECON_STOCKMARKET,1
02/25/2015,US,United States,ECON_STOCKMARKET,8
02/26/2015,EG,Egypt,ECON_STOCKMARKET,3
02/26/2015,FR,France,ECON_STOCKMARKET,2
02/26/2015,IN,India,ECON_STOCKMARKET,2
02/26/2015,KE,Kenya,ECON_STOCKMARKET,1
02/26/2015,UK,United Kingdom,ECON_STOCKMARKET,1
02/26/2015,US,United States,ECON_STOCKMARKET,2
02/27/2015,AU,Austria,ECON_STOCKMARKET,1
02/27/2015,BR,Brazil,ECON_STOCKMARKET,1
02/27/2015,CO,Colombia,ECON_STOCKMARKET,2
02/27/2015,FR,France,ECON_STOCKMARKET,1
02/27/2015,GM,Germany,ECON_STOCKMARKET,1
02/27/2015,JA,Japan,ECON_STOCKMARKET,1
02/27/2015,SV,Svalbard,ECON_STOCKMARKET,1
02/27/2015,US,United States,ECON_STOCKMARKET,42
02/28/2015,CA,Canada,ECON_STOCKMARKET,1
02/28/2015,IN,India,ECON_STOCKMARKET,2
02/28/2015,TU,Turkey,ECON_STOCKMARKET,1
03/01/2015,FR,France,ECON_STOCKMARKET,2
03/02/2015,IN,India,ECON_STOCKMARKET,1
03/02/2015,JA,Japan,ECON_STOCKMARKET,1
03/02/2015,RS,Russia,ECON_STOCKMARKET,1
03/02/2015,VM,Vietnam,ECON_STOCKMARKET,1
03/03/2015,AS,Australia,ECON_STOCKMARKET,5
03/03/2015,CA,Canada,ECON_STOCKMARKET,4
03/03/2015,IN,India,ECON_STOCKMARKET,2
03/03/2015,IR,Iran,ECON_STOCKMARKET,8
03/03/2015,IS,Israel,ECON_STOCKMARKET,3
03/03/2015,JA,Japan,ECON_STOCKMARKET,1
03/03/2015,LG,Latvia,ECON_STOCKMARKET,1
03/03/2015,SW,Sweden,ECON_STOCKMARKET,3
03/03/2015,SZ,Switzerland,ECON_STOCKMARKET,1
03/03/2015,TH,Thailand,ECON_STOCKMARKET,2
03/03/2015,TU,Turkey,ECON_STOCKMARKET,6
03/03/2015,UK,United Kingdom,ECON_STOCKMARKET,1
03/04/2015,GM,Germany,ECON_STOCKMARKET,1
03/04/2015,HR,Croatia,ECON_STOCKMARKET,2
03/04/2015,IN,India,ECON_STOCKMARKET,1
03/04/2015,JA,Japan,ECON_STOCKMARKET,3
03/04/2015,UK,United Kingdom,ECON_STOCKMARKET,7
03/05/2015,CH,China,ECON_STOCKMARKET,1
03/05/2015,HK,Hong Kong,ECON_STOCKMARKET,4
03/05/2015,HR,Croatia,ECON_STOCKMARKET,2
03/05/2015,IT,Italy,ECON_STOCKMARKET,2
03/05/2015,SP,Spain,ECON_STOCKMARKET,8
03/05/2015,TH,Thailand,ECON_STOCKMARKET,4
03/05/2015,TU,Turkey,ECON_STOCKMARKET,3
03/05/2015,TW,Taiwan,ECON_STOCKMARKET,2
03/05/2015,UK,United Kingdom,ECON_STOCKMARKET,2
03/05/2015,UP,Ukraine,ECON_STOCKMARKET,1
03/06/2015,CA,Canada,ECON_STOCKMARKET,1
03/06/2015,CH,China,ECON_STOCKMARKET,4
03/06/2015,CY,Cyprus,ECON_STOCKMARKET,1
03/06/2015,LY,Libya,ECON_STOCKMARKET,4
03/06/2015,US,United States,ECON_STOCKMARKET,13
03/07/2015,MX,Mexico,ECON_STOCKMARKET,1
03/07/2015,US,United States,ECON_STOCKMARKET,1
03/08/2015,IS,Israel,ECON_STOCKMARKET,1
03/08/2015,RW,Rwanda,ECON_STOCKMARKET,1
03/09/2015,CH,China,ECON_STOCKMARKET,3
03/09/2015,EG,Egypt,ECON_STOCKMARKET,1
03/09/2015,EI,Ireland,ECON_STOCKMARKET,1
03/09/2015,IN,India,ECON_STOCKMARKET,3
03/09/2015,IT,Italy,ECON_STOCKMARKET,2
03/09/2015,MY,Malaysia,ECON_STOCKMARKET,1
03/09/2015,NO,Norway,ECON_STOCKMARKET,1
03/09/2015,SZ,Switzerland,ECON_STOCKMARKET,5
03/09/2015,UK,United Kingdom,ECON_STOCKMARKET,3
03/09/2015,US,United States,ECON_STOCKMARKET,1
03/10/2015,BR,Brazil,ECON_STOCKMARKET,1
03/10/2015,CA,Canada,ECON_STOCKMARKET,1
03/10/2015,KS,"Korea, South",ECON_STOCKMARKET,2
03/10/2015,RS,Russia,ECON_STOCKMARKET,1
03/10/2015,SP,Spain,ECON_STOCKMARKET,1
03/10/2015,UK,United Kingdom,ECON_STOCKMARKET,1
03/10/2015,US,United States,ECON_STOCKMARKET,2
03/11/2015,BH,Belize,ECON_STOCKMARKET,1
03/11/2015,CH,China,ECON_STOCKMARKET,1
03/11/2015,GM,Germany,ECON_STOCKMARKET,1
03/11/2015,LY,Libya,ECON_STOCKMARKET,3
03/11/2015,PL,Poland,ECON_STOCKMARKET,1
03/11/2015,SP,Spain,ECON_STOCKMARKET,1
03/11/2015,UK,United Kingdom,ECON_STOCKMARKET,3
03/11/2015,US,United States,ECON_STOCKMARKET,3
03/12/2015,CA,Canada,ECON_STOCKMARKET,3
03/12/2015,CH,China,ECON_STOCKMARKET,2
03/12/2015,FR,France,ECON_STOCKMARKET,2
03/12/2015,IN,India,ECON_STOCKMARKET,3
03/12/2015,IS,Israel,ECON_STOCKMARKET,1
03/12/2015,KS,"Korea, South",ECON_STOCKMARKET,1
03/12/2015,SP,Spain,ECON_STOCKMARKET,2
03/12/2015,US,United States,ECON_STOCKMARKET,5
03/13/2015,AS,Australia,ECON_STOCKMARKET,1
03/13/2015,CH,China,ECON_STOCKMARKET,4
03/13/2015,CO,Colombia,ECON_STOCKMARKET,1
03/13/2015,CY,Cyprus,ECON_STOCKMARKET,2
03/13/2015,FR,France,ECON_STOCKMARKET,1
03/13/2015,NL,Netherlands,ECON_STOCKMARKET,1
03/13/2015,RO,Romania,ECON_STOCKMARKET,2
03/14/2015,AS,Australia,ECON_STOCKMARKET,4
03/14/2015,EZ,Czech Republic,ECON_STOCKMARKET,1
03/14/2015,GR,Greece,ECON_STOCKMARKET,1
03/14/2015,VM,Vietnam,ECON_STOCKMARKET,3
03/15/2015,GM,Germany,ECON_STOCKMARKET,1
03/15/2015,IT,Italy,ECON_STOCKMARKET,1
03/15/2015,MX,Mexico,ECON_STOCKMARKET,1
03/16/2015,CH,China,ECON_STOCKMARKET,7
03/16/2015,NL,Netherlands,ECON_STOCKMARKET,5
03/16/2015,RS,Russia,ECON_STOCKMARKET,2
03/16/2015,SP,Spain,ECON_STOCKMARKET,1
03/16/2015,SZ,Switzerland,ECON_STOCKMARKET,1
03/16/2015,TU,Turkey,ECON_STOCKMARKET,2
03/16/2015,UK,United Kingdom,ECON_STOCKMARKET,1
03/17/2015,BR,Brazil,ECON_STOCKMARKET,1
03/17/2015,ID,Indonesia,ECON_STOCKMARKET,2
03/17/2015,RS,Russia,ECON_STOCKMARKET,1
03/17/2015,RW,Rwanda,ECON_STOCKMARKET,1
03/17/2015,SP,Spain,ECON_STOCKMARKET,1
03/17/2015,UK,United Kingdom,ECON_STOCKMARKET,3
03/18/2015,BR,Brazil,ECON_STOCKMARKET,1
03/18/2015,DA,Denmark,ECON_STOCKMARKET,2
03/18/2015,FR,France,ECON_STOCKMARKET,4
03/18/2015,GR,Greece,ECON_STOCKMARKET,1
03/18/2015,PL,Poland,ECON_STOCKMARKET,1
03/18/2015,RS,Russia,ECON_STOCKMARKET,1
03/18/2015,UK,United Kingdom,ECON_STOCKMARKET,5
03/18/2015,US,United States,ECON_STOCKMARKET,1
03/19/2015,BA,Bahrain,ECON_STOCKMARKET,2
03/19/2015,DA,Denmark,ECON_STOCKMARKET,1
03/19/2015,IN,India,ECON_STOCKMARKET,2
03/19/2015,IT,Italy,ECON_STOCKMARKET,2
03/19/2015,MP,Mauritius,ECON_STOCKMARKET,1
03/19/2015,SZ,Switzerland,ECON_STOCKMARKET,2
03/19/2015,UK,United Kingdom,ECON_STOCKMARKET,1
03/19/2015,US,United States,ECON_STOCKMARKET,6
03/20/2015,BE,Belgium,ECON_STOCKMARKET,2
03/20/2015,CH,China,ECON_STOCKMARKET,8
03/20/2015,MY,Malaysia,ECON_STOCKMARKET,1
03/20/2015,NI,Nigeria,ECON_STOCKMARKET,1
03/20/2015,NZ,New Zealand,ECON_STOCKMARKET,5
03/20/2015,SP,Spain,ECON_STOCKMARKET,1
03/20/2015,SW,Sweden,ECON_STOCKMARKET,5
03/20/2015,UK,United Kingdom,ECON_STOCKMARKET,1
03/20/2015,US,United States,ECON_STOCKMARKET,2
03/21/2015,IN,India,ECON_STOCKMARKET,1
03/21/2015,SZ,Switzerland,ECON_STOCKMARKET,1
03/22/2015,CH,China,ECON_STOCKMARKET,3
03/23/2015,CH,China,ECON_STOCKMARKET,2
03/23/2015,GR,Greece,ECON_STOCKMARKET,1
03/23/2015,JA,Japan,ECON_STOCKMARKET,1
03/23/2015,LY,Libya,ECON_STOCKMARKET,1
03/23/2015,RS,Russia,ECON_STOCKMARKET,1
03/23/2015,UK,United Kingdom,ECON_STOCKMARKET,3
03/23/2015,UP,Ukraine,ECON_STOCKMARKET,1
03/23/2015,US,United States,ECON_STOCKMARKET,1
03/24/2015,CA,Canada,ECON_STOCKMARKET,3
03/24/2015,CH,China,ECON_STOCKMARKET,1
03/24/2015,GM,Germany,ECON_STOCKMARKET,1
03/24/2015,IS,Israel,ECON_STOCKMARKET,1
03/24/2015,IT,Italy,ECON_STOCKMARKET,1
03/24/2015,JA,Japan,ECON_STOCKMARKET,6
03/24/2015,RO,Romania,ECON_STOCKMARKET,2
03/24/2015,RS,Russia,ECON_STOCKMARKET,1
03/24/2015,US,United States,ECON_STOCKMARKET,8
03/25/2015,CH,China,ECON_STOCKMARKET,74
03/25/2015,FR,France,ECON_STOCKMARKET,1
03/25/2015,IR,Iran,ECON_STOCKMARKET,3
03/25/2015,UK,United Kingdom,ECON_STOCKMARKET,3
03/26/2015,FR,France,ECON_STOCKMARKET,2
03/26/2015,IN,India,ECON_STOCKMARKET,3
03/26/2015,LY,Libya,ECON_STOCKMARKET,1
03/26/2015,MK,Macedonia,ECON_STOCKMARKET,1
03/26/2015,RS,Russia,ECON_STOCKMARKET,2
03/26/2015,US,United States,ECON_STOCKMARKET,1
03/27/2015,EI,Ireland,ECON_STOCKMARKET,1
03/27/2015,KS,"Korea, South",ECON_STOCKMARKET,3
03/27/2015,RS,Russia,ECON_STOCKMARKET,1
03/27/2015,SW,Sweden,ECON_STOCKMARKET,1
03/27/2015,US,United States,ECON_STOCKMARKET,9
03/27/2015,YM,Yemen,ECON_STOCKMARKET,1
03/28/2015,AS,Australia,ECON_STOCKMARKET,2
03/28/2015,HR,Croatia,ECON_STOCKMARKET,1
03/28/2015,PL,Poland,ECON_STOCKMARKET,2
03/29/2015,CH,China,ECON_STOCKMARKET,2
03/29/2015,GR,Greece,ECON_STOCKMARKET,1
03/29/2015,IN,India,ECON_STOCKMARKET,1
03/30/2015,JA,Japan,ECON_STOCKMARKET,1
03/30/2015,NI,Nigeria,ECON_STOCKMARKET,1
03/30/2015,RS,Russia,ECON_STOCKMARKET,1
03/30/2015,SA,Saudi Arabia,ECON_STOCKMARKET,1
03/30/2015,SZ,Switzerland,ECON_STOCKMARKET,2
03/30/2015,US,United States,ECON_STOCKMARKET,6
03/31/2015,CH,China,ECON_STOCKMARKET,1
03/31/2015,EG,Egypt,ECON_STOCKMARKET,1
03/31/2015,GM,Germany,ECON_STOCKMARKET,1
03/31/2015,IN,India,ECON_STOCKMARKET,2
03/31/2015,QA,Qatar,ECON_STOCKMARKET,1
03/31/2015,RS,Russia,ECON_STOCKMARKET,1
03/31/2015,RW,Rwanda,ECON_STOCKMARKET,1
03/31/2015,UK,United Kingdom,ECON_STOCKMARKET,1
03/31/2015,US,United States,ECON_STOCKMARKET,4
04/01/2015,CA,Canada,ECON_STOCKMARKET,2
04/01/2015,GR,Greece,ECON_STOCKMARKET,1
04/01/2015,ID,Indonesia,ECON_STOCKMARKET,11
04/01/2015,IN,India,ECON_STOCKMARKET,1
04/01/2015,MY,Malaysia,ECON_STOCKMARKET,1
04/01/2015,RS,Russia,ECON_STOCKMARKET,2
04/01/2015,TW,Taiwan,ECON_STOCKMARKET,1
04/01/2015,UK,United Kingdom,ECON_STOCKMARKET,5
04/01/2015,US,United States,ECON_STOCKMARKET,2
04/02/2015,CA,Canada,ECON_STOCKMARKET,2
04/02/2015,ID,Indonesia,ECON_STOCKMARKET,2
04/02/2015,IN,India,ECON_STOCKMARKET,1
04/02/2015,IR,Iran,ECON_STOCKMARKET,2
04/02/2015,JA,Japan,ECON_STOCKMARKET,2
04/02/2015,PL,Poland,ECON_STOCKMARKET,1
04/02/2015,RS,Russia,ECON_STOCKMARKET,1
04/02/2015,US,United States,ECON_STOCKMARKET,16
04/03/2015,MP,Mauritius,ECON_STOCKMARKET,1
04/03/2015,NI,Nigeria,ECON_STOCKMARKET,1
04/03/2015,RS,Russia,ECON_STOCKMARKET,1
04/03/2015,SP,Spain,ECON_STOCKMARKET,1
04/04/2015,FR,France,ECON_STOCKMARKET,1
04/04/2015,GR,Greece,ECON_STOCKMARKET,6
04/04/2015,YM,Yemen,ECON_STOCKMARKET,1
04/05/2015,IN,India,ECON_STOCKMARKET,3
04/05/2015,JA,Japan,ECON_STOCKMARKET,1
04/05/2015,SY,Syria,ECON_STOCKMARKET,1
04/06/2015,CA,Canada,ECON_STOCKMARKET,7
04/06/2015,SP,Spain,ECON_STOCKMARKET,1
04/06/2015,US,United States,ECON_STOCKMARKET,4
04/07/2015,CA,Canada,ECON_STOCKMARKET,2
04/07/2015,IN,India,ECON_STOCKMARKET,1
04/07/2015,IT,Italy,ECON_STOCKMARKET,1
04/07/2015,JA,Japan,ECON_STOCKMARKET,2
04/07/2015,LH,Lithuania,ECON_STOCKMARKET,3
04/07/2015,RQ,Puerto Rico,ECON_STOCKMARKET,1
04/07/2015,RS,Russia,ECON_STOCKMARKET,2
04/07/2015,TU,Turkey,ECON_STOCKMARKET,2
04/07/2015,UP,Ukraine,ECON_STOCKMARKET,1
04/07/2015,US,United States,ECON_STOCKMARKET,3
04/08/2015,CH,China,ECON_STOCKMARKET,1
04/08/2015,GM,Germany,ECON_STOCKMARKET,3
04/08/2015,GR,Greece,ECON_STOCKMARKET,1
04/08/2015,IT,Italy,ECON_STOCKMARKET,1
04/08/2015,JA,Japan,ECON_STOCKMARKET,2
04/08/2015,MX,Mexico,ECON_STOCKMARKET,1
04/08/2015,US,United States,ECON_STOCKMARKET,13
04/09/2015,CH,China,ECON_STOCKMARKET,1
04/09/2015,JA,Japan,ECON_STOCKMARKET,4
04/09/2015,LY,Libya,ECON_STOCKMARKET,1
04/09/2015,PL,Poland,ECON_STOCKMARKET,1
04/09/2015,RP,Philippines,ECON_STOCKMARKET,2
04/09/2015,US,United States,ECON_STOCKMARKET,3
04/10/2015,IN,India,ECON_STOCKMARKET,3
04/10/2015,NL,Netherlands,ECON_STOCKMARKET,1
04/10/2015,QA,Qatar,ECON_STOCKMARKET,1
04/10/2015,TD,Trinidad and Tobago,ECON_STOCKMARKET,1
04/10/2015,US,United States,ECON_STOCKMARKET,19
04/10/2015,VE,Venezuela,ECON_STOCKMARKET,1
04/10/2015,YM,Yemen,ECON_STOCKMARKET,2
04/11/2015,BD,Bermuda,ECON_STOCKMARKET,4
04/11/2015,TW,Taiwan,ECON_STOCKMARKET,1
04/11/2015,US,United States,ECON_STOCKMARKET,2
04/12/2015,CH,China,ECON_STOCKMARKET,1
04/12/2015,GM,Germany,ECON_STOCKMARKET,1
04/12/2015,SW,Sweden,ECON_STOCKMARKET,3
04/13/2015,IN,India,ECON_STOCKMARKET,3
04/13/2015,JA,Japan,ECON_STOCKMARKET,4
04/13/2015,NO,Norway,ECON_STOCKMARKET,1
04/13/2015,SP,Spain,ECON_STOCKMARKET,2
04/13/2015,UK,United Kingdom,ECON_STOCKMARKET,1
04/13/2015,US,United States,ECON_STOCKMARKET,6
04/14/2015,IT,Italy,ECON_STOCKMARKET,1
04/14/2015,JA,Japan,ECON_STOCKMARKET,3
04/14/2015,RS,Russia,ECON_STOCKMARKET,2
04/14/2015,SP,Spain,ECON_STOCKMARKET,1
04/14/2015,UP,Ukraine,ECON_STOCKMARKET,2
04/14/2015,US,United States,ECON_STOCKMARKET,2
04/15/2015,AG,Algeria,ECON_STOCKMARKET,1
04/15/2015,CH,China,ECON_STOCKMARKET,2
04/15/2015,CI,Chile,ECON_STOCKMARKET,1
04/15/2015,EI,Ireland,ECON_STOCKMARKET,1
04/15/2015,FI,Finland,ECON_STOCKMARKET,1
04/15/2015,LY,Libya,ECON_STOCKMARKET,1
04/15/2015,RS,Russia,ECON_STOCKMARKET,1
04/15/2015,SW,Sweden,ECON_STOCKMARKET,4
04/15/2015,TW,Taiwan,ECON_STOCKMARKET,1
04/15/2015,UK,United Kingdom,ECON_STOCKMARKET,1
04/15/2015,US,United States,ECON_STOCKMARKET,3
04/16/2015,CI,Chile,ECON_STOCKMARKET,1
04/16/2015,SP,Spain,ECON_STOCKMARKET,4
04/16/2015,SW,Sweden,ECON_STOCKMARKET,1
04/16/2015,TU,Turkey,ECON_STOCKMARKET,1
04/16/2015,US,United States,ECON_STOCKMARKET,3
04/17/2015,BR,Brazil,ECON_STOCKMARKET,1
04/17/2015,GR,Greece,ECON_STOCKMARKET,1
04/17/2015,NZ,New Zealand,ECON_STOCKMARKET,1
04/17/2015,TW,Taiwan,ECON_STOCKMARKET,2
04/17/2015,UP,Ukraine,ECON_STOCKMARKET,1
04/17/2015,VM,Vietnam,ECON_STOCKMARKET,4
04/18/2015,AJ,Azerbaijan,ECON_STOCKMARKET,1
04/18/2015,CO,Colombia,ECON_STOCKMARKET,1
04/19/2015,CH,China,ECON_STOCKMARKET,1
04/19/2015,EG,Egypt,ECON_STOCKMARKET,2
04/19/2015,VM,Vietnam,ECON_STOCKMARKET,10
04/20/2015,AY,Antarctica,ECON_STOCKMARKET,1
04/20/2015,CH,China,ECON_STOCKMARKET,6
04/20/2015,LG,Latvia,ECON_STOCKMARKET,1
04/20/2015,SP,Spain,ECON_STOCKMARKET,1
04/20/2015,UK,United Kingdom,ECON_STOCKMARKET,1
04/20/2015,US,United States,ECON_STOCKMARKET,14
04/21/2015,CB,Cambodia,ECON_STOCKMARKET,1
04/21/2015,CH,China,ECON_STOCKMARKET,1
04/21/2015,FR,France,ECON_STOCKMARKET,1
04/21/2015,JA,Japan,ECON_STOCKMARKET,1
04/21/2015,RS,Russia,ECON_STOCKMARKET,2
04/21/2015,SP,Spain,ECON_STOCKMARKET,3
04/21/2015,US,United States,ECON_STOCKMARKET,3
04/22/2015,CH,China,ECON_STOCKMARKET,8
04/22/2015,DA,Denmark,ECON_STOCKMARKET,3
04/22/2015,FR,France,ECON_STOCKMARKET,4
04/22/2015,JA,Japan,ECON_STOCKMARKET,6
04/22/2015,NI,Nigeria,ECON_STOCKMARKET,1
04/22/2015,NO,Norway,ECON_STOCKMARKET,2
04/22/2015,US,United States,ECON_STOCKMARKET,2
04/23/2015,AS,Australia,ECON_STOCKMARKET,1
04/23/2015,CH,China,ECON_STOCKMARKET,10
04/23/2015,IN,India,ECON_STOCKMARKET,1
04/23/2015,IT,Italy,ECON_STOCKMARKET,2
04/23/2015,LG,Latvia,ECON_STOCKMARKET,1
04/23/2015,NL,Netherlands,ECON_STOCKMARKET,1
04/23/2015,RS,Russia,ECON_STOCKMARKET,2
04/23/2015,UK,United Kingdom,ECON_STOCKMARKET,7
04/23/2015,US,United States,ECON_STOCKMARKET,1
04/24/2015,BU,Bulgaria,ECON_STOCKMARKET,1
04/24/2015,IN,India,ECON_STOCKMARKET,2
04/24/2015,IT,Italy,ECON_STOCKMARKET,2
04/24/2015,RP,Philippines,ECON_STOCKMARKET,3
04/24/2015,SW,Sweden,ECON_STOCKMARKET,1
04/24/2015,UK,United Kingdom,ECON_STOCKMARKET,1
04/24/2015,UP,Ukraine,ECON_STOCKMARKET,1
04/24/2015,US,United States,ECON_STOCKMARKET,6
04/25/2015,CH,China,ECON_STOCKMARKET,2
04/25/2015,SZ,Switzerland,ECON_STOCKMARKET,1
04/25/2015,UK,United Kingdom,ECON_STOCKMARKET,1
04/25/2015,US,United States,ECON_STOCKMARKET,1
04/26/2015,CH,China,ECON_STOCKMARKET,2
04/26/2015,JA,Japan,ECON_STOCKMARKET,4
04/26/2015,LG,Latvia,ECON_STOCKMARKET,1
04/27/2015,AS,Australia,ECON_STOCKMARKET,1
04/27/2015,CA,Canada,ECON_STOCKMARKET,1
04/27/2015,GR,Greece,ECON_STOCKMARKET,1
04/27/2015,MU,Oman,ECON_STOCKMARKET,3
04/27/2015,RS,Russia,ECON_STOCKMARKET,2
04/27/2015,US,United States,ECON_STOCKMARKET,1
04/28/2015,CH,China,ECON_STOCKMARKET,3
04/28/2015,FR,France,ECON_STOCKMARKET,1
04/28/2015,IR,Iran,ECON_STOCKMARKET,2
04/28/2015,JA,Japan,ECON_STOCKMARKET,1
04/28/2015,MX,Mexico,ECON_STOCKMARKET,1
04/28/2015,MY,Malaysia,ECON_STOCKMARKET,2
04/28/2015,RS,Russia,ECON_STOCKMARKET,1
04/28/2015,SI,Slovenia,ECON_STOCKMARKET,2
04/28/2015,US,United States,ECON_STOCKMARKET,1
04/29/2015,AM,Armenia,ECON_STOCKMARKET,2
04/29/2015,BE,Belgium,ECON_STOCKMARKET,1
04/29/2015,CA,Canada,ECON_STOCKMARKET,1
04/29/2015,CH,China,ECON_STOCKMARKET,7
04/29/2015,FR,France,ECON_STOCKMARKET,3
04/29/2015,IR,Iran,ECON_STOCKMARKET,1
04/29/2015,KU,Kuwait,ECON_STOCKMARKET,1
04/29/2015,PK,Pakistan,ECON_STOCKMARKET,3
04/29/2015,PO,Portugal,ECON_STOCKMARKET,1
04/29/2015,RS,Russia,ECON_STOCKMARKET,6
04/29/2015,UK,United Kingdom,ECON_STOCKMARKET,1
04/29/2015,UP,Ukraine,ECON_STOCKMARKET,2
04/29/2015,US,United States,ECON_STOCKMARKET,3
04/30/2015,AS,Australia,ECON_STOCKMARKET,1
04/30/2015,CH,China,ECON_STOCKMARKET,1
04/30/2015,EI,Ireland,ECON_STOCKMARKET,2
04/30/2015,FR,France,ECON_STOCKMARKET,1
04/30/2015,JA,Japan,ECON_STOCKMARKET,4
04/30/2015,KS,"Korea, South",ECON_STOCKMARKET,1
04/30/2015,NO,Norway,ECON_STOCKMARKET,1
04/30/2015,US,United States,ECON_STOCKMARKET,7
04/30/2015,VM,Vietnam,ECON_STOCKMARKET,2
05/01/2015,RS,Russia,ECON_STOCKMARKET,2
05/01/2015,SP,Spain,ECON_STOCKMARKET,2
05/01/2015,UK,United Kingdom,ECON_STOCKMARKET,3
05/01/2015,US,United States,ECON_STOCKMARKET,1
05/02/2015,NL,Netherlands,ECON_STOCKMARKET,5
05/02/2015,SY,Syria,ECON_STOCKMARKET,1
05/02/2015,US,United States,ECON_STOCKMARKET,1
05/03/2015,IT,Italy,ECON_STOCKMARKET,6
05/04/2015,CH,China,ECON_STOCKMARKET,1
05/04/2015,IT,Italy,ECON_STOCKMARKET,1
05/04/2015,NP,Nepal,ECON_STOCKMARKET,1
05/04/2015,RI,Serbia,ECON_STOCKMARKET,2
05/04/2015,SF,South Africa,ECON_STOCKMARKET,17
05/04/2015,US,United States,ECON_STOCKMARKET,2
05/05/2015,CH,China,ECON_STOCKMARKET,4
05/05/2015,FI,Finland,ECON_STOCKMARKET,1
05/05/2015,FR,France,ECON_STOCKMARKET,3
05/05/2015,GR,Greece,ECON_STOCKMARKET,2
05/05/2015,IS,Israel,ECON_STOCKMARKET,6
05/05/2015,PL,Poland,ECON_STOCKMARKET,8
05/05/2015,TW,Taiwan,ECON_STOCKMARKET,1
05/05/2015,US,United States,ECON_STOCKMARKET,1
05/06/2015,CH,China,ECON_STOCKMARKET,2
05/06/2015,GM,Germany,ECON_STOCKMARKET,2
05/06/2015,IT,Italy,ECON_STOCKMARKET,2
05/06/2015,NI,Nigeria,ECON_STOCKMARKET,1
05/06/2015,RS,Russia,ECON_STOCKMARKET,1
05/06/2015,SP,Spain,ECON_STOCKMARKET,1
05/06/2015,TW,Taiwan,ECON_STOCKMARKET,4
05/06/2015,US,United States,ECON_STOCKMARKET,1
05/06/2015,VM,Vietnam,ECON_STOCKMARKET,12
05/07/2015,BE,Belgium,ECON_STOCKMARKET,2
05/07/2015,CA,Canada,ECON_STOCKMARKET,1
05/07/2015,CH,China,ECON_STOCKMARKET,1
05/07/2015,CI,Chile,ECON_STOCKMARKET,7
05/07/2015,IN,India,ECON_STOCKMARKET,4
05/07/2015,JA,Japan,ECON_STOCKMARKET,1
05/07/2015,MO,Morocco,ECON_STOCKMARKET,1
05/07/2015,MU,Oman,ECON_STOCKMARKET,2
05/07/2015,MX,Mexico,ECON_STOCKMARKET,1
05/07/2015,RS,Russia,ECON_STOCKMARKET,2
05/07/2015,TH,Thailand,ECON_STOCKMARKET,3
05/07/2015,US,United States,ECON_STOCKMARKET,4
05/08/2015,GH,Ghana,ECON_STOCKMARKET,1
05/08/2015,JA,Japan,ECON_STOCKMARKET,1
05/08/2015,LY,Libya,ECON_STOCKMARKET,2
05/08/2015,TU,Turkey,ECON_STOCKMARKET,1
05/08/2015,TW,Taiwan,ECON_STOCKMARKET,3
05/08/2015,UK,United Kingdom,ECON_STOCKMARKET,6
05/08/2015,US,United States,ECON_STOCKMARKET,1
05/09/2015,GM,Germany,ECON_STOCKMARKET,1
05/10/2015,BF,"Bahamas, The",ECON_STOCKMARKET,1
05/10/2015,GM,Germany,ECON_STOCKMARKET,1
05/10/2015,IN,India,ECON_STOCKMARKET,7
05/10/2015,RI,Serbia,ECON_STOCKMARKET,1
05/11/2015,AS,Australia,ECON_STOCKMARKET,1
05/11/2015,CH,China,ECON_STOCKMARKET,8
05/11/2015,FI,Finland,ECON_STOCKMARKET,2
05/11/2015,IN,India,ECON_STOCKMARKET,1
05/11/2015,TH,Thailand,ECON_STOCKMARKET,2
05/11/2015,UK,United Kingdom,ECON_STOCKMARKET,5
05/11/2015,US,United States,ECON_STOCKMARKET,2
05/12/2015,CH,China,ECON_STOCKMARKET,2
05/12/2015,GM,Germany,ECON_STOCKMARKET,1
05/12/2015,GR,Greece,ECON_STOCKMARKET,1
05/12/2015,MY,Malaysia,ECON_STOCKMARKET,2
05/12/2015,NL,Netherlands,ECON_STOCKMARKET,1
05/12/2015,UK,United Kingdom,ECON_STOCKMARKET,16
05/12/2015,US,United States,ECON_STOCKMARKET,2
05/13/2015,CA,Canada,ECON_STOCKMARKET,1
05/13/2015,FR,France,ECON_STOCKMARKET,1
05/13/2015,GR,Greece,ECON_STOCKMARKET,1
05/13/2015,IN,India,ECON_STOCKMARKET,1
05/13/2015,IT,Italy,ECON_STOCKMARKET,2
05/13/2015,JA,Japan,ECON_STOCKMARKET,1
05/13/2015,SP,Spain,ECON_STOCKMARKET,1
05/13/2015,UK,United Kingdom,ECON_STOCKMARKET,1
05/13/2015,US,United States,ECON_STOCKMARKET,8
05/14/2015,CA,Canada,ECON_STOCKMARKET,2
05/14/2015,CH,China,ECON_STOCKMARKET,1
05/14/2015,EI,Ireland,ECON_STOCKMARKET,2
05/14/2015,SY,Syria,ECON_STOCKMARKET,1
05/14/2015,VM,Vietnam,ECON_STOCKMARKET,1
05/15/2015,FR,France,ECON_STOCKMARKET,5
05/15/2015,JA,Japan,ECON_STOCKMARKET,2
05/15/2015,KE,Kenya,ECON_STOCKMARKET,1
05/15/2015,OS,#N/A,ECON_STOCKMARKET,2
05/15/2015,PL,Poland,ECON_STOCKMARKET,1
05/15/2015,RO,Romania,ECON_STOCKMARKET,1
05/15/2015,RS,Russia,ECON_STOCKMARKET,2
05/15/2015,SA,Saudi Arabia,ECON_STOCKMARKET,5
05/15/2015,TU,Turkey,ECON_STOCKMARKET,14
05/15/2015,TZ,Tanzania,ECON_STOCKMARKET,1
05/15/2015,US,United States,ECON_STOCKMARKET,4
05/16/2015,KZ,Kazakhstan,ECON_STOCKMARKET,1
05/16/2015,TU,Turkey,ECON_STOCKMARKET,2
05/16/2015,UK,United Kingdom,ECON_STOCKMARKET,1
05/17/2015,NI,Nigeria,ECON_STOCKMARKET,1
05/18/2015,FI,Finland,ECON_STOCKMARKET,1
05/18/2015,SP,Spain,ECON_STOCKMARKET,1
05/18/2015,TU,Turkey,ECON_STOCKMARKET,6
05/18/2015,UK,United Kingdom,ECON_STOCKMARKET,8
05/18/2015,US,United States,ECON_STOCKMARKET,3
05/18/2015,YM,Yemen,ECON_STOCKMARKET,5
05/19/2015,AR,Argentina,ECON_STOCKMARKET,3
05/19/2015,CH,China,ECON_STOCKMARKET,3
05/19/2015,FR,France,ECON_STOCKMARKET,1
05/19/2015,GM,Germany,ECON_STOCKMARKET,1
05/19/2015,US,United States,ECON_STOCKMARKET,4
05/20/2015,UK,United Kingdom,ECON_STOCKMARKET,2
05/20/2015,US,United States,ECON_STOCKMARKET,5
05/21/2015,CE,Sri Lanka,ECON_STOCKMARKET,2
05/21/2015,CH,China,ECON_STOCKMARKET,2
05/21/2015,FR,France,ECON_STOCKMARKET,1
05/21/2015,IN,India,ECON_STOCKMARKET,1
05/21/2015,IS,Israel,ECON_STOCKMARKET,4
05/21/2015,PL,Poland,ECON_STOCKMARKET,2
05/21/2015,SW,Sweden,ECON_STOCKMARKET,3
05/21/2015,SY,Syria,ECON_STOCKMARKET,1
05/21/2015,UP,Ukraine,ECON_STOCKMARKET,3
05/22/2015,CH,China,ECON_STOCKMARKET,3
05/22/2015,CI,Chile,ECON_STOCKMARKET,1
05/22/2015,GR,Greece,ECON_STOCKMARKET,1
05/22/2015,IN,India,ECON_STOCKMARKET,1
05/22/2015,IT,Italy,ECON_STOCKMARKET,1
05/22/2015,RP,Philippines,ECON_STOCKMARKET,5
05/22/2015,UK,United Kingdom,ECON_STOCKMARKET,3
05/22/2015,US,United States,ECON_STOCKMARKET,8
05/22/2015,YM,Yemen,ECON_STOCKMARKET,1
05/23/2015,KS,"Korea, South",ECON_STOCKMARKET,1
05/23/2015,US,United States,ECON_STOCKMARKET,4
05/23/2015,YM,Yemen,ECON_STOCKMARKET,4
05/24/2015,GR,Greece,ECON_STOCKMARKET,1
05/24/2015,US,United States,ECON_STOCKMARKET,1
05/25/2015,AS,Australia,ECON_STOCKMARKET,5
05/25/2015,ID,Indonesia,ECON_STOCKMARKET,1
05/25/2015,JA,Japan,ECON_STOCKMARKET,1
05/25/2015,SN,Singapore,ECON_STOCKMARKET,1
05/25/2015,VM,Vietnam,ECON_STOCKMARKET,1
05/26/2015,BR,Brazil,ECON_STOCKMARKET,8
05/26/2015,CH,China,ECON_STOCKMARKET,3
05/26/2015,EG,Egypt,ECON_STOCKMARKET,1
05/26/2015,EI,Ireland,ECON_STOCKMARKET,1
05/26/2015,GR,Greece,ECON_STOCKMARKET,1
05/26/2015,IT,Italy,ECON_STOCKMARKET,1
05/26/2015,SA,Saudi Arabia,ECON_STOCKMARKET,1
05/26/2015,UK,United Kingdom,ECON_STOCKMARKET,1
05/26/2015,US,United States,ECON_STOCKMARKET,2
05/27/2015,CH,China,ECON_STOCKMARKET,12
05/27/2015,IN,India,ECON_STOCKMARKET,4
05/27/2015,UK,United Kingdom,ECON_STOCKMARKET,1
05/28/2015,AM,Armenia,ECON_STOCKMARKET,1
05/28/2015,CH,China,ECON_STOCKMARKET,3
05/28/2015,IN,India,ECON_STOCKMARKET,2
05/28/2015,IT,Italy,ECON_STOCKMARKET,3
05/28/2015,KS,"Korea, South",ECON_STOCKMARKET,1
05/28/2015,MO,Morocco,ECON_STOCKMARKET,3
05/28/2015,RS,Russia,ECON_STOCKMARKET,2
05/28/2015,TU,Turkey,ECON_STOCKMARKET,2
05/28/2015,UK,United Kingdom,ECON_STOCKMARKET,3
05/28/2015,US,United States,ECON_STOCKMARKET,4
05/28/2015,VM,Vietnam,ECON_STOCKMARKET,67
05/29/2015,CA,Canada,ECON_STOCKMARKET,1
05/29/2015,CH,China,ECON_STOCKMARKET,3
05/29/2015,CY,Cyprus,ECON_STOCKMARKET,1
05/29/2015,EZ,Czech Republic,ECON_STOCKMARKET,1
05/29/2015,IN,India,ECON_STOCKMARKET,1
05/29/2015,IS,Israel,ECON_STOCKMARKET,6
05/29/2015,MO,Morocco,ECON_STOCKMARKET,1
05/29/2015,US,United States,ECON_STOCKMARKET,5
05/30/2015,US,United States,ECON_STOCKMARKET,3
05/30/2015,VE,Venezuela,ECON_STOCKMARKET,1
05/31/2015,CH,China,ECON_STOCKMARKET,3
05/31/2015,FR,France,ECON_STOCKMARKET,1
05/31/2015,GR,Greece,ECON_STOCKMARKET,1
06/01/2015,BR,Brazil,ECON_STOCKMARKET,1
06/01/2015,CH,China,ECON_STOCKMARKET,13
06/01/2015,FI,Finland,ECON_STOCKMARKET,1
06/01/2015,GR,Greece,ECON_STOCKMARKET,1
06/01/2015,UK,United Kingdom,ECON_STOCKMARKET,1
06/01/2015,US,United States,ECON_STOCKMARKET,6
06/02/2015,AS,Australia,ECON_STOCKMARKET,1
06/02/2015,DA,Denmark,ECON_STOCKMARKET,1
06/02/2015,GG,Georgia,ECON_STOCKMARKET,3
06/02/2015,GR,Greece,ECON_STOCKMARKET,1
06/02/2015,IN,India,ECON_STOCKMARKET,1
06/02/2015,IT,Italy,ECON_STOCKMARKET,1
06/02/2015,LE,Lebanon,ECON_STOCKMARKET,1
06/02/2015,PE,Peru,ECON_STOCKMARKET,1
06/02/2015,RS,Russia,ECON_STOCKMARKET,4
06/03/2015,CH,China,ECON_STOCKMARKET,26
06/03/2015,GR,Greece,ECON_STOCKMARKET,2
06/03/2015,IN,India,ECON_STOCKMARKET,3
06/03/2015,IR,Iran,ECON_STOCKMARKET,5
06/03/2015,IT,Italy,ECON_STOCKMARKET,3
06/03/2015,US,United States,ECON_STOCKMARKET,2
06/04/2015,BE,Belgium,ECON_STOCKMARKET,1
06/04/2015,CH,China,ECON_STOCKMARKET,2
06/04/2015,FR,France,ECON_STOCKMARKET,4
06/04/2015,GM,Germany,ECON_STOCKMARKET,1
06/04/2015,GR,Greece,ECON_STOCKMARKET,1
06/04/2015,MO,Morocco,ECON_STOCKMARKET,1
06/04/2015,SG,Senegal,ECON_STOCKMARKET,1
06/04/2015,US,United States,ECON_STOCKMARKET,1
06/05/2015,CA,Canada,ECON_STOCKMARKET,1
06/05/2015,CH,China,ECON_STOCKMARKET,7
06/05/2015,JA,Japan,ECON_STOCKMARKET,1
06/05/2015,MX,Mexico,ECON_STOCKMARKET,1
06/05/2015,RS,Russia,ECON_STOCKMARKET,1
06/05/2015,TW,Taiwan,ECON_STOCKMARKET,6
06/05/2015,UK,United Kingdom,ECON_STOCKMARKET,1
06/05/2015,US,United States,ECON_STOCKMARKET,2
06/06/2015,CH,China,ECON_STOCKMARKET,1
06/06/2015,IN,India,ECON_STOCKMARKET,1
06/06/2015,IT,Italy,ECON_STOCKMARKET,1
06/06/2015,TU,Turkey,ECON_STOCKMARKET,1
06/06/2015,US,United States,ECON_STOCKMARKET,3
06/07/2015,IN,India,ECON_STOCKMARKET,4
06/07/2015,RS,Russia,ECON_STOCKMARKET,2
06/08/2015,AG,Algeria,ECON_STOCKMARKET,1
06/08/2015,BE,Belgium,ECON_STOCKMARKET,1
06/08/2015,CH,China,ECON_STOCKMARKET,12
06/08/2015,GR,Greece,ECON_STOCKMARKET,1
06/08/2015,ID,Indonesia,ECON_STOCKMARKET,1
06/08/2015,IN,India,ECON_STOCKMARKET,1
06/08/2015,IZ,Iraq,ECON_STOCKMARKET,4
06/08/2015,MO,Morocco,ECON_STOCKMARKET,1
06/08/2015,RS,Russia,ECON_STOCKMARKET,3
06/08/2015,TU,Turkey,ECON_STOCKMARKET,1
06/08/2015,US,United States,ECON_STOCKMARKET,2
06/09/2015,AU,Austria,ECON_STOCKMARKET,2
06/09/2015,CA,Canada,ECON_STOCKMARKET,3
06/09/2015,CH,China,ECON_STOCKMARKET,2
06/09/2015,GR,Greece,ECON_STOCKMARKET,1
06/09/2015,SP,Spain,ECON_STOCKMARKET,4
06/09/2015,US,United States,ECON_STOCKMARKET,3
06/10/2015,GM,Germany,ECON_STOCKMARKET,1
06/10/2015,JA,Japan,ECON_STOCKMARKET,1
06/10/2015,RO,Romania,ECON_STOCKMARKET,2
06/10/2015,RQ,Puerto Rico,ECON_STOCKMARKET,1
06/10/2015,UK,United Kingdom,ECON_STOCKMARKET,7
06/10/2015,VM,Vietnam,ECON_STOCKMARKET,20
06/11/2015,MX,Mexico,ECON_STOCKMARKET,1
06/11/2015,PL,Poland,ECON_STOCKMARKET,2
06/11/2015,US,United States,ECON_STOCKMARKET,3
06/12/2015,AS,Australia,ECON_STOCKMARKET,2
06/12/2015,GR,Greece,ECON_STOCKMARKET,1
06/12/2015,NI,Nigeria,ECON_STOCKMARKET,1
06/12/2015,SF,South Africa,ECON_STOCKMARKET,5
06/12/2015,US,United States,ECON_STOCKMARKET,1
06/13/2015,IN,India,ECON_STOCKMARKET,1
06/14/2015,GM,Germany,ECON_STOCKMARKET,1
06/14/2015,LO,Slovakia,ECON_STOCKMARKET,1
06/15/2015,GR,Greece,ECON_STOCKMARKET,2
06/15/2015,HK,Hong Kong,ECON_STOCKMARKET,1
06/15/2015,ID,Indonesia,ECON_STOCKMARKET,1
06/15/2015,KS,"Korea, South",ECON_STOCKMARKET,3
06/15/2015,ML,Mali,ECON_STOCKMARKET,1
06/15/2015,RB,#N/A,ECON_STOCKMARKET,1
06/15/2015,UK,United Kingdom,ECON_STOCKMARKET,3
06/15/2015,UP,Ukraine,ECON_STOCKMARKET,1
06/15/2015,US,United States,ECON_STOCKMARKET,11
06/15/2015,VE,Venezuela,ECON_STOCKMARKET,2
06/16/2015,BE,Belgium,ECON_STOCKMARKET,1
06/16/2015,GR,Greece,ECON_STOCKMARKET,2
06/16/2015,IT,Italy,ECON_STOCKMARKET,1
06/16/2015,RS,Russia,ECON_STOCKMARKET,9
06/16/2015,TW,Taiwan,ECON_STOCKMARKET,1
06/16/2015,US,United States,ECON_STOCKMARKET,3
06/17/2015,AM,Armenia,ECON_STOCKMARKET,2
06/17/2015,BE,Belgium,ECON_STOCKMARKET,2
06/17/2015,CA,Canada,ECON_STOCKMARKET,2
06/17/2015,CH,China,ECON_STOCKMARKET,2
06/17/2015,CY,Cyprus,ECON_STOCKMARKET,1
06/17/2015,EI,Ireland,ECON_STOCKMARKET,1
06/17/2015,FR,France,ECON_STOCKMARKET,2
06/17/2015,GR,Greece,ECON_STOCKMARKET,2
06/17/2015,IT,Italy,ECON_STOCKMARKET,1
06/18/2015,CH,China,ECON_STOCKMARKET,3
06/18/2015,JA,Japan,ECON_STOCKMARKET,1
06/18/2015,NZ,New Zealand,ECON_STOCKMARKET,3
06/18/2015,RS,Russia,ECON_STOCKMARKET,2
06/18/2015,US,United States,ECON_STOCKMARKET,4
06/19/2015,CH,China,ECON_STOCKMARKET,1
06/19/2015,JA,Japan,ECON_STOCKMARKET,1
06/19/2015,NO,Norway,ECON_STOCKMARKET,7
06/19/2015,SY,Syria,ECON_STOCKMARKET,1
06/19/2015,US,United States,ECON_STOCKMARKET,1
06/20/2015,CH,China,ECON_STOCKMARKET,14
06/20/2015,GR,Greece,ECON_STOCKMARKET,1
06/20/2015,US,United States,ECON_STOCKMARKET,2
06/21/2015,PL,Poland,ECON_STOCKMARKET,1
06/22/2015,BE,Belgium,ECON_STOCKMARKET,3
06/22/2015,GR,Greece,ECON_STOCKMARKET,4
06/22/2015,MX,Mexico,ECON_STOCKMARKET,1
06/22/2015,PL,Poland,ECON_STOCKMARKET,2
06/22/2015,SZ,Switzerland,ECON_STOCKMARKET,1
06/22/2015,TH,Thailand,ECON_STOCKMARKET,3
06/22/2015,UK,United Kingdom,ECON_STOCKMARKET,2
06/22/2015,US,United States,ECON_STOCKMARKET,2
06/23/2015,EI,Ireland,ECON_STOCKMARKET,2
06/23/2015,IN,India,ECON_STOCKMARKET,1
06/23/2015,MX,Mexico,ECON_STOCKMARKET,2
06/23/2015,UP,Ukraine,ECON_STOCKMARKET,1
06/24/2015,ID,Indonesia,ECON_STOCKMARKET,7
06/24/2015,IN,India,ECON_STOCKMARKET,2
06/24/2015,IT,Italy,ECON_STOCKMARKET,5
06/24/2015,JA,Japan,ECON_STOCKMARKET,1
06/24/2015,RO,Romania,ECON_STOCKMARKET,2
06/24/2015,RS,Russia,ECON_STOCKMARKET,2
06/24/2015,SW,Sweden,ECON_STOCKMARKET,1
06/24/2015,UK,United Kingdom,ECON_STOCKMARKET,2
06/24/2015,US,United States,ECON_STOCKMARKET,2
06/25/2015,BE,Belgium,ECON_STOCKMARKET,4
06/25/2015,PL,Poland,ECON_STOCKMARKET,1
06/25/2015,UK,United Kingdom,ECON_STOCKMARKET,2
06/25/2015,US,United States,ECON_STOCKMARKET,5
06/25/2015,VM,Vietnam,ECON_STOCKMARKET,1
06/26/2015,BD,Bermuda,ECON_STOCKMARKET,1
06/26/2015,CH,China,ECON_STOCKMARKET,5
06/26/2015,CI,Chile,ECON_STOCKMARKET,1
06/26/2015,IN,India,ECON_STOCKMARKET,2
06/26/2015,JA,Japan,ECON_STOCKMARKET,1
06/26/2015,KS,"Korea, South",ECON_STOCKMARKET,1
06/26/2015,PK,Pakistan,ECON_STOCKMARKET,2
06/26/2015,UK,United Kingdom,ECON_STOCKMARKET,1
06/26/2015,US,United States,ECON_STOCKMARKET,2
06/27/2015,CH,China,ECON_STOCKMARKET,1
06/27/2015,FR,France,ECON_STOCKMARKET,1
06/27/2015,GR,Greece,ECON_STOCKMARKET,1
06/27/2015,UP,Ukraine,ECON_STOCKMARKET,1
06/28/2015,CA,Canada,ECON_STOCKMARKET,1
06/28/2015,CY,Cyprus,ECON_STOCKMARKET,2
06/28/2015,SN,Singapore,ECON_STOCKMARKET,2
06/28/2015,UK,United Kingdom,ECON_STOCKMARKET,1
06/28/2015,US,United States,ECON_STOCKMARKET,1
06/28/2015,YM,Yemen,ECON_STOCKMARKET,1
06/29/2015,AS,Australia,ECON_STOCKMARKET,1
06/29/2015,CH,China,ECON_STOCKMARKET,14
06/29/2015,GR,Greece,ECON_STOCKMARKET,4
06/29/2015,MX,Mexico,ECON_STOCKMARKET,1
06/29/2015,NO,Norway,ECON_STOCKMARKET,2
06/29/2015,RS,Russia,ECON_STOCKMARKET,1
06/29/2015,SF,South Africa,ECON_STOCKMARKET,1
06/29/2015,TH,Thailand,ECON_STOCKMARKET,1
06/29/2015,US,United States,ECON_STOCKMARKET,4
06/30/2015,AR,Argentina,ECON_STOCKMARKET,4
06/30/2015,CH,China,ECON_STOCKMARKET,2
06/30/2015,FI,Finland,ECON_STOCKMARKET,1
06/30/2015,FR,France,ECON_STOCKMARKET,2
06/30/2015,GM,Germany,ECON_STOCKMARKET,5
06/30/2015,GR,Greece,ECON_STOCKMARKET,2
06/30/2015,KV,Kosovo,ECON_STOCKMARKET,1
06/30/2015,QA,Qatar,ECON_STOCKMARKET,3
06/30/2015,SP,Spain,ECON_STOCKMARKET,1
06/30/2015,US,United States,ECON_STOCKMARKET,1
06/30/2015,VM,Vietnam,ECON_STOCKMARKET,3
07/01/2015,BE,Belgium,ECON_STOCKMARKET,1
07/01/2015,CA,Canada,ECON_STOCKMARKET,1
07/01/2015,CH,China,ECON_STOCKMARKET,3
07/01/2015,GR,Greece,ECON_STOCKMARKET,1
07/01/2015,MX,Mexico,ECON_STOCKMARKET,2
07/01/2015,MY,Malaysia,ECON_STOCKMARKET,1
07/01/2015,NZ,New Zealand,ECON_STOCKMARKET,1
07/01/2015,OD,South Sudan,ECON_STOCKMARKET,2
07/01/2015,SZ,Switzerland,ECON_STOCKMARKET,1
07/01/2015,UK,United Kingdom,ECON_STOCKMARKET,1
07/02/2015,CH,China,ECON_STOCKMARKET,9
07/02/2015,EG,Egypt,ECON_STOCKMARKET,1
07/02/2015,GR,Greece,ECON_STOCKMARKET,4
07/02/2015,IN,India,ECON_STOCKMARKET,1
07/02/2015,OS,#N/A,ECON_STOCKMARKET,1
07/02/2015,RQ,Puerto Rico,ECON_STOCKMARKET,1
07/02/2015,SW,Sweden,ECON_STOCKMARKET,2
07/02/2015,SZ,Switzerland,ECON_STOCKMARKET,1
07/02/2015,UK,United Kingdom,ECON_STOCKMARKET,7
07/02/2015,US,United States,ECON_STOCKMARKET,5
07/02/2015,VM,Vietnam,ECON_STOCKMARKET,9
07/02/2015,ZI,Zimbabwe,ECON_STOCKMARKET,1
07/03/2015,BR,Brazil,ECON_STOCKMARKET,2
07/03/2015,GM,Germany,ECON_STOCKMARKET,2
07/03/2015,ID,Indonesia,ECON_STOCKMARKET,2
07/03/2015,IN,India,ECON_STOCKMARKET,3
07/03/2015,NI,Nigeria,ECON_STOCKMARKET,1
07/03/2015,RQ,Puerto Rico,ECON_STOCKMARKET,2
07/03/2015,UK,United Kingdom,ECON_STOCKMARKET,45
07/03/2015,UP,Ukraine,ECON_STOCKMARKET,1
07/03/2015,US,United States,ECON_STOCKMARKET,14
07/04/2015,FR,France,ECON_STOCKMARKET,1
07/04/2015,JA,Japan,ECON_STOCKMARKET,1
07/04/2015,MX,Mexico,ECON_STOCKMARKET,1
07/04/2015,TW,Taiwan,ECON_STOCKMARKET,3
07/04/2015,UK,United Kingdom,ECON_STOCKMARKET,2
07/04/2015,US,United States,ECON_STOCKMARKET,8
07/05/2015,BE,Belgium,ECON_STOCKMARKET,1
07/05/2015,BR,Brazil,ECON_STOCKMARKET,1
07/05/2015,CH,China,ECON_STOCKMARKET,4
07/05/2015,UK,United Kingdom,ECON_STOCKMARKET,4
07/05/2015,US,United States,ECON_STOCKMARKET,1
07/06/2015,AR,Argentina,ECON_STOCKMARKET,1
07/06/2015,CH,China,ECON_STOCKMARKET,11
07/06/2015,CI,Chile,ECON_STOCKMARKET,1
07/06/2015,EI,Ireland,ECON_STOCKMARKET,1
07/06/2015,FR,France,ECON_STOCKMARKET,3
07/06/2015,GR,Greece,ECON_STOCKMARKET,2
07/06/2015,IN,India,ECON_STOCKMARKET,6
07/06/2015,NL,Netherlands,ECON_STOCKMARKET,2
07/06/2015,RQ,Puerto Rico,ECON_STOCKMARKET,1
07/06/2015,SF,South Africa,ECON_STOCKMARKET,4
07/06/2015,SP,Spain,ECON_STOCKMARKET,5
07/06/2015,UK,United Kingdom,ECON_STOCKMARKET,2
07/06/2015,UP,Ukraine,ECON_STOCKMARKET,1
07/06/2015,US,United States,ECON_STOCKMARKET,1
07/07/2015,CH,China,ECON_STOCKMARKET,1
07/07/2015,GR,Greece,ECON_STOCKMARKET,1
07/07/2015,ID,Indonesia,ECON_STOCKMARKET,1
07/07/2015,IT,Italy,ECON_STOCKMARKET,31
07/07/2015,LG,Latvia,ECON_STOCKMARKET,1
07/07/2015,MX,Mexico,ECON_STOCKMARKET,11
07/07/2015,RS,Russia,ECON_STOCKMARKET,1
07/07/2015,UK,United Kingdom,ECON_STOCKMARKET,1
07/07/2015,US,United States,ECON_STOCKMARKET,4
07/07/2015,VE,Venezuela,ECON_STOCKMARKET,1
07/08/2015,CH,China,ECON_STOCKMARKET,40
07/08/2015,FR,France,ECON_STOCKMARKET,1
07/08/2015,GR,Greece,ECON_STOCKMARKET,1
07/08/2015,HK,Hong Kong,ECON_STOCKMARKET,1
07/08/2015,JA,Japan,ECON_STOCKMARKET,7
07/08/2015,RS,Russia,ECON_STOCKMARKET,13
07/08/2015,SW,Sweden,ECON_STOCKMARKET,3
07/08/2015,TU,Turkey,ECON_STOCKMARKET,1
07/08/2015,UK,United Kingdom,ECON_STOCKMARKET,8
07/08/2015,US,United States,ECON_STOCKMARKET,11
07/09/2015,CA,Canada,ECON_STOCKMARKET,1
07/09/2015,CH,China,ECON_STOCKMARKET,11
07/09/2015,CI,Chile,ECON_STOCKMARKET,2
07/09/2015,ID,Indonesia,ECON_STOCKMARKET,8
07/09/2015,IT,Italy,ECON_STOCKMARKET,3
07/09/2015,SP,Spain,ECON_STOCKMARKET,1
07/09/2015,UK,United Kingdom,ECON_STOCKMARKET,6
07/09/2015,US,United States,ECON_STOCKMARKET,14
07/10/2015,CH,China,ECON_STOCKMARKET,4
07/10/2015,EN,Estonia,ECON_STOCKMARKET,1
07/10/2015,FR,France,ECON_STOCKMARKET,1
07/10/2015,IT,Italy,ECON_STOCKMARKET,1
07/10/2015,TW,Taiwan,ECON_STOCKMARKET,3
07/11/2015,CH,China,ECON_STOCKMARKET,50
07/11/2015,SP,Spain,ECON_STOCKMARKET,6
07/11/2015,US,United States,ECON_STOCKMARKET,1
07/12/2015,CH,China,ECON_STOCKMARKET,3
07/12/2015,JA,Japan,ECON_STOCKMARKET,1
07/12/2015,TW,Taiwan,ECON_STOCKMARKET,1
07/12/2015,US,United States,ECON_STOCKMARKET,1
07/12/2015,VE,Venezuela,ECON_STOCKMARKET,1
07/12/2015,VM,Vietnam,ECON_STOCKMARKET,3
07/13/2015,CH,China,ECON_STOCKMARKET,16
07/13/2015,GM,Germany,ECON_STOCKMARKET,9
07/13/2015,ID,Indonesia,ECON_STOCKMARKET,1
07/13/2015,IN,India,ECON_STOCKMARKET,2
07/13/2015,IT,Italy,ECON_STOCKMARKET,3
07/13/2015,KS,"Korea, South",ECON_STOCKMARKET,19
07/13/2015,MX,Mexico,ECON_STOCKMARKET,1
07/13/2015,NZ,New Zealand,ECON_STOCKMARKET,7
07/13/2015,TZ,Tanzania,ECON_STOCKMARKET,1
07/13/2015,US,United States,ECON_STOCKMARKET,4
07/14/2015,CA,Canada,ECON_STOCKMARKET,1
07/14/2015,CH,China,ECON_STOCKMARKET,4
07/14/2015,FR,France,ECON_STOCKMARKET,1
07/14/2015,IT,Italy,ECON_STOCKMARKET,1
07/14/2015,JA,Japan,ECON_STOCKMARKET,1
07/14/2015,RS,Russia,ECON_STOCKMARKET,1
07/14/2015,SP,Spain,ECON_STOCKMARKET,1
07/14/2015,UK,United Kingdom,ECON_STOCKMARKET,5
07/14/2015,US,United States,ECON_STOCKMARKET,7
07/14/2015,VE,Venezuela,ECON_STOCKMARKET,1
07/15/2015,CH,China,ECON_STOCKMARKET,13
07/15/2015,FR,France,ECON_STOCKMARKET,1
07/15/2015,IN,India,ECON_STOCKMARKET,1
07/15/2015,IT,Italy,ECON_STOCKMARKET,1
07/15/2015,TU,Turkey,ECON_STOCKMARKET,2
07/15/2015,US,United States,ECON_STOCKMARKET,3
07/16/2015,AS,Australia,ECON_STOCKMARKET,1
07/16/2015,AU,Austria,ECON_STOCKMARKET,1
07/16/2015,CH,China,ECON_STOCKMARKET,4
07/16/2015,DA,Denmark,ECON_STOCKMARKET,1
07/16/2015,FI,Finland,ECON_STOCKMARKET,2
07/16/2015,FR,France,ECON_STOCKMARKET,2
07/16/2015,GR,Greece,ECON_STOCKMARKET,3
07/16/2015,HK,Hong Kong,ECON_STOCKMARKET,1
07/16/2015,JO,Jordan,ECON_STOCKMARKET,1
07/16/2015,RS,Russia,ECON_STOCKMARKET,1
07/16/2015,SF,South Africa,ECON_STOCKMARKET,1
07/16/2015,US,United States,ECON_STOCKMARKET,20
07/17/2015,CH,China,ECON_STOCKMARKET,3
07/17/2015,FR,France,ECON_STOCKMARKET,1
07/17/2015,GR,Greece,ECON_STOCKMARKET,1
07/17/2015,HK,Hong Kong,ECON_STOCKMARKET,3
07/17/2015,IT,Italy,ECON_STOCKMARKET,2
07/17/2015,SZ,Switzerland,ECON_STOCKMARKET,1
07/17/2015,US,United States,ECON_STOCKMARKET,3
07/18/2015,BO,Belarus,ECON_STOCKMARKET,2
07/18/2015,CO,Colombia,ECON_STOCKMARKET,2
07/18/2015,GR,Greece,ECON_STOCKMARKET,1
07/18/2015,US,United States,ECON_STOCKMARKET,18
07/20/2015,AS,Australia,ECON_STOCKMARKET,1
07/20/2015,CH,China,ECON_STOCKMARKET,6
07/20/2015,FR,France,ECON_STOCKMARKET,1
07/20/2015,GM,Germany,ECON_STOCKMARKET,1
07/20/2015,KZ,Kazakhstan,ECON_STOCKMARKET,2
07/20/2015,NZ,New Zealand,ECON_STOCKMARKET,2
07/20/2015,SY,Syria,ECON_STOCKMARKET,1
07/21/2015,IN,India,ECON_STOCKMARKET,1
07/21/2015,JA,Japan,ECON_STOCKMARKET,6
07/21/2015,NI,Nigeria,ECON_STOCKMARKET,4
07/21/2015,NL,Netherlands,ECON_STOCKMARKET,2
07/21/2015,RS,Russia,ECON_STOCKMARKET,1
07/21/2015,SP,Spain,ECON_STOCKMARKET,1
07/21/2015,TH,Thailand,ECON_STOCKMARKET,2
07/21/2015,TW,Taiwan,ECON_STOCKMARKET,2
07/21/2015,UK,United Kingdom,ECON_STOCKMARKET,2
07/21/2015,UP,Ukraine,ECON_STOCKMARKET,1
07/21/2015,US,United States,ECON_STOCKMARKET,6
07/22/2015,AS,Australia,ECON_STOCKMARKET,1
07/22/2015,CA,Canada,ECON_STOCKMARKET,2
07/22/2015,CH,China,ECON_STOCKMARKET,14
07/22/2015,JA,Japan,ECON_STOCKMARKET,1
07/22/2015,KZ,Kazakhstan,ECON_STOCKMARKET,1
07/22/2015,LY,Libya,ECON_STOCKMARKET,3
07/22/2015,NL,Netherlands,ECON_STOCKMARKET,1
07/22/2015,RS,Russia,ECON_STOCKMARKET,3
07/22/2015,TW,Taiwan,ECON_STOCKMARKET,2
07/22/2015,US,United States,ECON_STOCKMARKET,6
07/23/2015,CH,China,ECON_STOCKMARKET,2
07/23/2015,DA,Denmark,ECON_STOCKMARKET,1
07/23/2015,GM,Germany,ECON_STOCKMARKET,1
07/23/2015,GR,Greece,ECON_STOCKMARKET,2
07/23/2015,JA,Japan,ECON_STOCKMARKET,2
07/23/2015,PL,Poland,ECON_STOCKMARKET,2
07/23/2015,PO,Portugal,ECON_STOCKMARKET,3
07/23/2015,QA,Qatar,ECON_STOCKMARKET,1
07/23/2015,SA,Saudi Arabia,ECON_STOCKMARKET,1
07/23/2015,SP,Spain,ECON_STOCKMARKET,2
07/23/2015,TW,Taiwan,ECON_STOCKMARKET,4
07/23/2015,UK,United Kingdom,ECON_STOCKMARKET,5
07/23/2015,US,United States,ECON_STOCKMARKET,7
07/24/2015,AS,Australia,ECON_STOCKMARKET,2
07/24/2015,CH,China,ECON_STOCKMARKET,3
07/24/2015,CI,Chile,ECON_STOCKMARKET,2
07/24/2015,FR,France,ECON_STOCKMARKET,2
07/24/2015,GA,"Gambia, The",ECON_STOCKMARKET,1
07/24/2015,GM,Germany,ECON_STOCKMARKET,1
07/24/2015,GR,Greece,ECON_STOCKMARKET,2
07/24/2015,IT,Italy,ECON_STOCKMARKET,1
07/24/2015,JA,Japan,ECON_STOCKMARKET,5
07/24/2015,SP,Spain,ECON_STOCKMARKET,2
07/24/2015,TH,Thailand,ECON_STOCKMARKET,1
07/24/2015,VE,Venezuela,ECON_STOCKMARKET,1
07/24/2015,VM,Vietnam,ECON_STOCKMARKET,9
07/25/2015,CH,China,ECON_STOCKMARKET,1
07/25/2015,TU,Turkey,ECON_STOCKMARKET,1
07/25/2015,US,United States,ECON_STOCKMARKET,5
07/26/2015,GM,Germany,ECON_STOCKMARKET,2
07/27/2015,AR,Argentina,ECON_STOCKMARKET,4
07/27/2015,BR,Brazil,ECON_STOCKMARKET,1
07/27/2015,CH,China,ECON_STOCKMARKET,6
07/27/2015,IN,India,ECON_STOCKMARKET,1
07/27/2015,IS,Israel,ECON_STOCKMARKET,1
07/27/2015,JA,Japan,ECON_STOCKMARKET,3
07/27/2015,SO,Somalia,ECON_STOCKMARKET,1
07/27/2015,UK,United Kingdom,ECON_STOCKMARKET,1
07/28/2015,CH,China,ECON_STOCKMARKET,11
07/28/2015,FR,France,ECON_STOCKMARKET,7
07/28/2015,HR,Croatia,ECON_STOCKMARKET,1
07/28/2015,SW,Sweden,ECON_STOCKMARKET,1
07/28/2015,TU,Turkey,ECON_STOCKMARKET,1
07/28/2015,UK,United Kingdom,ECON_STOCKMARKET,1
07/28/2015,US,United States,ECON_STOCKMARKET,10
07/29/2015,BD,Bermuda,ECON_STOCKMARKET,1
07/29/2015,CA,Canada,ECON_STOCKMARKET,1
07/29/2015,CH,China,ECON_STOCKMARKET,4
07/29/2015,IR,Iran,ECON_STOCKMARKET,2
07/29/2015,TU,Turkey,ECON_STOCKMARKET,1
07/29/2015,UK,United Kingdom,ECON_STOCKMARKET,9
07/29/2015,US,United States,ECON_STOCKMARKET,7
07/29/2015,VM,Vietnam,ECON_STOCKMARKET,1
07/30/2015,AS,Australia,ECON_STOCKMARKET,4
07/30/2015,BR,Brazil,ECON_STOCKMARKET,3
07/30/2015,CA,Canada,ECON_STOCKMARKET,2
07/30/2015,CH,China,ECON_STOCKMARKET,3
07/30/2015,IN,India,ECON_STOCKMARKET,2
07/30/2015,KS,"Korea, South",ECON_STOCKMARKET,1
07/30/2015,MX,Mexico,ECON_STOCKMARKET,2
07/30/2015,SP,Spain,ECON_STOCKMARKET,1
07/30/2015,UK,United Kingdom,ECON_STOCKMARKET,1
07/30/2015,UP,Ukraine,ECON_STOCKMARKET,1
07/30/2015,US,United States,ECON_STOCKMARKET,10
07/30/2015,VM,Vietnam,ECON_STOCKMARKET,1
07/31/2015,CH,China,ECON_STOCKMARKET,8
07/31/2015,GR,Greece,ECON_STOCKMARKET,3
07/31/2015,RP,Philippines,ECON_STOCKMARKET,2
07/31/2015,SP,Spain,ECON_STOCKMARKET,2
07/31/2015,US,United States,ECON_STOCKMARKET,1
08/01/2015,AM,Armenia,ECON_STOCKMARKET,1
08/01/2015,BR,Brazil,ECON_STOCKMARKET,1
08/01/2015,CH,China,ECON_STOCKMARKET,2
08/01/2015,KN,"Korea, North",ECON_STOCKMARKET,1
08/02/2015,CH,China,ECON_STOCKMARKET,1
08/02/2015,IN,India,ECON_STOCKMARKET,1
08/03/2015,CH,China,ECON_STOCKMARKET,1
08/03/2015,GR,Greece,ECON_STOCKMARKET,4
08/03/2015,IN,India,ECON_STOCKMARKET,2
08/03/2015,JA,Japan,ECON_STOCKMARKET,2
08/03/2015,RQ,Puerto Rico,ECON_STOCKMARKET,1
08/03/2015,SZ,Switzerland,ECON_STOCKMARKET,7
08/03/2015,TU,Turkey,ECON_STOCKMARKET,6
08/03/2015,UK,United Kingdom,ECON_STOCKMARKET,3
08/03/2015,US,United States,ECON_STOCKMARKET,4
08/04/2015,CH,China,ECON_STOCKMARKET,2
08/04/2015,IN,India,ECON_STOCKMARKET,1
08/04/2015,LT,Lesotho,ECON_STOCKMARKET,1
08/04/2015,PL,Poland,ECON_STOCKMARKET,1
08/04/2015,RO,Romania,ECON_STOCKMARKET,1
08/04/2015,UK,United Kingdom,ECON_STOCKMARKET,3
08/04/2015,UP,Ukraine,ECON_STOCKMARKET,2
08/04/2015,US,United States,ECON_STOCKMARKET,1
08/05/2015,CH,China,ECON_STOCKMARKET,14
08/05/2015,EN,Estonia,ECON_STOCKMARKET,1
08/05/2015,FR,France,ECON_STOCKMARKET,1
08/05/2015,NO,Norway,ECON_STOCKMARKET,1
08/05/2015,SF,South Africa,ECON_STOCKMARKET,1
08/05/2015,TU,Turkey,ECON_STOCKMARKET,1
08/05/2015,UK,United Kingdom,ECON_STOCKMARKET,13
08/05/2015,US,United States,ECON_STOCKMARKET,2
08/06/2015,CH,China,ECON_STOCKMARKET,1
08/06/2015,CI,Chile,ECON_STOCKMARKET,3
08/06/2015,IN,India,ECON_STOCKMARKET,4
08/06/2015,NL,Netherlands,ECON_STOCKMARKET,1
08/06/2015,SN,Singapore,ECON_STOCKMARKET,2
08/06/2015,UK,United Kingdom,ECON_STOCKMARKET,2
08/06/2015,UP,Ukraine,ECON_STOCKMARKET,1
08/06/2015,US,United States,ECON_STOCKMARKET,4
08/06/2015,VM,Vietnam,ECON_STOCKMARKET,7
08/07/2015,CH,China,ECON_STOCKMARKET,11
08/07/2015,CM,Cameroon,ECON_STOCKMARKET,1
08/07/2015,EG,Egypt,ECON_STOCKMARKET,2
08/07/2015,FR,France,ECON_STOCKMARKET,1
08/07/2015,GM,Germany,ECON_STOCKMARKET,3
08/07/2015,IN,India,ECON_STOCKMARKET,1
08/07/2015,RS,Russia,ECON_STOCKMARKET,6
08/07/2015,UK,United Kingdom,ECON_STOCKMARKET,5
08/07/2015,VM,Vietnam,ECON_STOCKMARKET,1
08/08/2015,CH,China,ECON_STOCKMARKET,4
08/08/2015,IN,India,ECON_STOCKMARKET,6
08/08/2015,US,United States,ECON_STOCKMARKET,5
08/09/2015,CH,China,ECON_STOCKMARKET,14
08/09/2015,ID,Indonesia,ECON_STOCKMARKET,4
08/09/2015,RS,Russia,ECON_STOCKMARKET,1
08/09/2015,UK,United Kingdom,ECON_STOCKMARKET,1
08/10/2015,CE,Sri Lanka,ECON_STOCKMARKET,1
08/10/2015,GM,Germany,ECON_STOCKMARKET,1
08/10/2015,JA,Japan,ECON_STOCKMARKET,4
08/10/2015,RP,Philippines,ECON_STOCKMARKET,1
08/10/2015,UK,United Kingdom,ECON_STOCKMARKET,4
08/10/2015,US,United States,ECON_STOCKMARKET,5
08/11/2015,CH,China,ECON_STOCKMARKET,9
08/11/2015,FI,Finland,ECON_STOCKMARKET,2
08/11/2015,GR,Greece,ECON_STOCKMARKET,3
08/11/2015,ID,Indonesia,ECON_STOCKMARKET,8
08/11/2015,IT,Italy,ECON_STOCKMARKET,1
08/11/2015,JA,Japan,ECON_STOCKMARKET,4
08/11/2015,MG,Mongolia,ECON_STOCKMARKET,4
08/11/2015,TU,Turkey,ECON_STOCKMARKET,1
08/11/2015,US,United States,ECON_STOCKMARKET,1
08/12/2015,CH,China,ECON_STOCKMARKET,2
08/12/2015,CV,Cape Verde,ECON_STOCKMARKET,6
08/12/2015,IN,India,ECON_STOCKMARKET,1
08/12/2015,KS,"Korea, South",ECON_STOCKMARKET,1
08/12/2015,RS,Russia,ECON_STOCKMARKET,3
08/12/2015,SP,Spain,ECON_STOCKMARKET,1
08/12/2015,SZ,Switzerland,ECON_STOCKMARKET,1
08/12/2015,TW,Taiwan,ECON_STOCKMARKET,2
08/12/2015,US,United States,ECON_STOCKMARKET,3
08/13/2015,CA,Canada,ECON_STOCKMARKET,2
08/13/2015,CH,China,ECON_STOCKMARKET,5
08/13/2015,ID,Indonesia,ECON_STOCKMARKET,3
08/13/2015,IT,Italy,ECON_STOCKMARKET,5
08/13/2015,IZ,Iraq,ECON_STOCKMARKET,3
08/13/2015,KS,"Korea, South",ECON_STOCKMARKET,1
08/13/2015,TU,Turkey,ECON_STOCKMARKET,1
08/13/2015,TW,Taiwan,ECON_STOCKMARKET,4
08/13/2015,UK,United Kingdom,ECON_STOCKMARKET,1
08/14/2015,AU,Austria,ECON_STOCKMARKET,1
08/14/2015,CH,China,ECON_STOCKMARKET,10
08/14/2015,FR,France,ECON_STOCKMARKET,1
08/14/2015,GH,Ghana,ECON_STOCKMARKET,1
08/14/2015,IT,Italy,ECON_STOCKMARKET,3
08/14/2015,IZ,Iraq,ECON_STOCKMARKET,2
08/14/2015,RO,Romania,ECON_STOCKMARKET,2
08/14/2015,SP,Spain,ECON_STOCKMARKET,1
08/14/2015,TU,Turkey,ECON_STOCKMARKET,1
08/14/2015,UK,United Kingdom,ECON_STOCKMARKET,2
08/14/2015,US,United States,ECON_STOCKMARKET,3
08/15/2015,AE,United Arab Emirates,ECON_STOCKMARKET,1
08/15/2015,MX,Mexico,ECON_STOCKMARKET,2
08/15/2015,TW,Taiwan,ECON_STOCKMARKET,1
08/16/2015,SI,Slovenia,ECON_STOCKMARKET,1
08/16/2015,TW,Taiwan,ECON_STOCKMARKET,1
08/16/2015,US,United States,ECON_STOCKMARKET,1
08/17/2015,CH,China,ECON_STOCKMARKET,3
08/17/2015,GR,Greece,ECON_STOCKMARKET,1
08/17/2015,ID,Indonesia,ECON_STOCKMARKET,1
08/17/2015,IT,Italy,ECON_STOCKMARKET,1
08/17/2015,RS,Russia,ECON_STOCKMARKET,1
08/17/2015,TU,Turkey,ECON_STOCKMARKET,1
08/18/2015,CH,China,ECON_STOCKMARKET,19
08/18/2015,GR,Greece,ECON_STOCKMARKET,1
08/18/2015,RS,Russia,ECON_STOCKMARKET,2
08/18/2015,SP,Spain,ECON_STOCKMARKET,1
08/18/2015,SW,Sweden,ECON_STOCKMARKET,1
08/18/2015,US,United States,ECON_STOCKMARKET,1
08/19/2015,BE,Belgium,ECON_STOCKMARKET,2
08/19/2015,CA,Canada,ECON_STOCKMARKET,1
08/19/2015,CH,China,ECON_STOCKMARKET,9
08/19/2015,DA,Denmark,ECON_STOCKMARKET,1
08/19/2015,EZ,Czech Republic,ECON_STOCKMARKET,1
08/19/2015,GM,Germany,ECON_STOCKMARKET,1
08/19/2015,IN,India,ECON_STOCKMARKET,1
08/19/2015,KS,"Korea, South",ECON_STOCKMARKET,1
08/19/2015,MX,Mexico,ECON_STOCKMARKET,1
08/19/2015,TU,Turkey,ECON_STOCKMARKET,1
08/19/2015,UK,United Kingdom,ECON_STOCKMARKET,12
08/19/2015,US,United States,ECON_STOCKMARKET,5
08/19/2015,VM,Vietnam,ECON_STOCKMARKET,11
08/20/2015,CH,China,ECON_STOCKMARKET,8
08/20/2015,GR,Greece,ECON_STOCKMARKET,1
08/20/2015,JA,Japan,ECON_STOCKMARKET,2
08/20/2015,RS,Russia,ECON_STOCKMARKET,1
08/20/2015,TU,Turkey,ECON_STOCKMARKET,1
08/20/2015,UK,United Kingdom,ECON_STOCKMARKET,4
08/20/2015,US,United States,ECON_STOCKMARKET,1
08/21/2015,BR,Brazil,ECON_STOCKMARKET,2
08/21/2015,CH,China,ECON_STOCKMARKET,2
08/21/2015,CI,Chile,ECON_STOCKMARKET,25
08/21/2015,FR,France,ECON_STOCKMARKET,3
08/21/2015,GM,Germany,ECON_STOCKMARKET,1
08/21/2015,GR,Greece,ECON_STOCKMARKET,1
08/21/2015,JA,Japan,ECON_STOCKMARKET,1
08/21/2015,KZ,Kazakhstan,ECON_STOCKMARKET,1
08/21/2015,MY,Malaysia,ECON_STOCKMARKET,1
08/21/2015,NI,Nigeria,ECON_STOCKMARKET,1
08/21/2015,RS,Russia,ECON_STOCKMARKET,1
08/21/2015,TH,Thailand,ECON_STOCKMARKET,1
08/21/2015,UK,United Kingdom,ECON_STOCKMARKET,1
08/21/2015,US,United States,ECON_STOCKMARKET,1
08/22/2015,CH,China,ECON_STOCKMARKET,5
08/22/2015,IN,India,ECON_STOCKMARKET,1
08/22/2015,MD,Moldova,ECON_STOCKMARKET,2
08/22/2015,RS,Russia,ECON_STOCKMARKET,2
08/22/2015,SP,Spain,ECON_STOCKMARKET,1
08/22/2015,TU,Turkey,ECON_STOCKMARKET,1
08/22/2015,UK,United Kingdom,ECON_STOCKMARKET,1
08/22/2015,VM,Vietnam,ECON_STOCKMARKET,2
08/23/2015,BA,Bahrain,ECON_STOCKMARKET,3
08/23/2015,IT,Italy,ECON_STOCKMARKET,3
08/23/2015,TH,Thailand,ECON_STOCKMARKET,1
08/24/2015,AJ,Azerbaijan,ECON_STOCKMARKET,1
08/24/2015,AM,Armenia,ECON_STOCKMARKET,4
08/24/2015,CH,China,ECON_STOCKMARKET,6
08/24/2015,GM,Germany,ECON_STOCKMARKET,13
08/24/2015,MX,Mexico,ECON_STOCKMARKET,6
08/24/2015,RS,Russia,ECON_STOCKMARKET,1
08/24/2015,SP,Spain,ECON_STOCKMARKET,8
08/24/2015,TH,Thailand,ECON_STOCKMARKET,1
08/24/2015,TW,Taiwan,ECON_STOCKMARKET,3
08/24/2015,UK,United Kingdom,ECON_STOCKMARKET,2
08/25/2015,CH,China,ECON_STOCKMARKET,8
08/25/2015,FR,France,ECON_STOCKMARKET,1
08/25/2015,GM,Germany,ECON_STOCKMARKET,2
08/25/2015,IT,Italy,ECON_STOCKMARKET,1
08/25/2015,JA,Japan,ECON_STOCKMARKET,5
08/25/2015,KS,"Korea, South",ECON_STOCKMARKET,1
08/25/2015,MO,Morocco,ECON_STOCKMARKET,30
08/25/2015,RS,Russia,ECON_STOCKMARKET,17
08/25/2015,TH,Thailand,ECON_STOCKMARKET,1
08/25/2015,UK,United Kingdom,ECON_STOCKMARKET,1
08/25/2015,UP,Ukraine,ECON_STOCKMARKET,3
08/25/2015,US,United States,ECON_STOCKMARKET,1
08/26/2015,CA,Canada,ECON_STOCKMARKET,1
08/26/2015,CH,China,ECON_STOCKMARKET,4
08/26/2015,FR,France,ECON_STOCKMARKET,3
08/26/2015,IN,India,ECON_STOCKMARKET,1
08/26/2015,RS,Russia,ECON_STOCKMARKET,1
08/26/2015,UK,United Kingdom,ECON_STOCKMARKET,1
08/26/2015,US,United States,ECON_STOCKMARKET,2
08/26/2015,VM,Vietnam,ECON_STOCKMARKET,2
08/27/2015,CH,China,ECON_STOCKMARKET,16
08/27/2015,CM,Cameroon,ECON_STOCKMARKET,1
08/27/2015,CO,Colombia,ECON_STOCKMARKET,1
08/27/2015,FI,Finland,ECON_STOCKMARKET,3
08/27/2015,GM,Germany,ECON_STOCKMARKET,2
08/27/2015,JA,Japan,ECON_STOCKMARKET,2
08/27/2015,MY,Malaysia,ECON_STOCKMARKET,1
08/27/2015,NI,Nigeria,ECON_STOCKMARKET,1
08/27/2015,NL,Netherlands,ECON_STOCKMARKET,1
08/27/2015,RS,Russia,ECON_STOCKMARKET,10
08/27/2015,TW,Taiwan,ECON_STOCKMARKET,13
08/27/2015,UK,United Kingdom,ECON_STOCKMARKET,1
08/28/2015,CH,China,ECON_STOCKMARKET,12
08/28/2015,GM,Germany,ECON_STOCKMARKET,1
08/28/2015,IN,India,ECON_STOCKMARKET,4
08/28/2015,JA,Japan,ECON_STOCKMARKET,2
08/28/2015,RS,Russia,ECON_STOCKMARKET,1
08/28/2015,SF,South Africa,ECON_STOCKMARKET,1
08/28/2015,TH,Thailand,ECON_STOCKMARKET,1
08/28/2015,UK,United Kingdom,ECON_STOCKMARKET,13
08/28/2015,US,United States,ECON_STOCKMARKET,1
08/29/2015,CH,China,ECON_STOCKMARKET,1
08/29/2015,FR,France,ECON_STOCKMARKET,1
08/29/2015,MD,Moldova,ECON_STOCKMARKET,2
08/29/2015,US,United States,ECON_STOCKMARKET,4
08/30/2015,AR,Argentina,ECON_STOCKMARKET,2
08/30/2015,CH,China,ECON_STOCKMARKET,7
08/30/2015,GR,Greece,ECON_STOCKMARKET,1
08/30/2015,IS,Israel,ECON_STOCKMARKET,1
08/30/2015,US,United States,ECON_STOCKMARKET,1
08/31/2015,AS,Australia,ECON_STOCKMARKET,1
08/31/2015,CH,China,ECON_STOCKMARKET,24
08/31/2015,IN,India,ECON_STOCKMARKET,1
08/31/2015,IZ,Iraq,ECON_STOCKMARKET,2
08/31/2015,JA,Japan,ECON_STOCKMARKET,5
08/31/2015,LH,Lithuania,ECON_STOCKMARKET,1
08/31/2015,UK,United Kingdom,ECON_STOCKMARKET,1
08/31/2015,US,United States,ECON_STOCKMARKET,3
09/01/2015,CH,China,ECON_STOCKMARKET,1
09/01/2015,GM,Germany,ECON_STOCKMARKET,1
09/01/2015,GR,Greece,ECON_STOCKMARKET,1
09/01/2015,JA,Japan,ECON_STOCKMARKET,1
09/01/2015,MX,Mexico,ECON_STOCKMARKET,1
09/01/2015,RS,Russia,ECON_STOCKMARKET,2
09/01/2015,TW,Taiwan,ECON_STOCKMARKET,3
09/02/2015,AU,Austria,ECON_STOCKMARKET,1
09/02/2015,CH,China,ECON_STOCKMARKET,5
09/02/2015,FR,France,ECON_STOCKMARKET,1
09/02/2015,IN,India,ECON_STOCKMARKET,3
09/02/2015,JA,Japan,ECON_STOCKMARKET,1
09/02/2015,KZ,Kazakhstan,ECON_STOCKMARKET,1
09/02/2015,TH,Thailand,ECON_STOCKMARKET,3
09/02/2015,TU,Turkey,ECON_STOCKMARKET,5
09/02/2015,UK,United Kingdom,ECON_STOCKMARKET,4
09/02/2015,US,United States,ECON_STOCKMARKET,2
09/03/2015,CA,Canada,ECON_STOCKMARKET,1
09/03/2015,CH,China,ECON_STOCKMARKET,2
09/03/2015,GR,Greece,ECON_STOCKMARKET,5
09/03/2015,JA,Japan,ECON_STOCKMARKET,1
09/03/2015,RQ,Puerto Rico,ECON_STOCKMARKET,1
09/03/2015,RS,Russia,ECON_STOCKMARKET,1
09/03/2015,TU,Turkey,ECON_STOCKMARKET,1
09/03/2015,UK,United Kingdom,ECON_STOCKMARKET,26
09/03/2015,US,United States,ECON_STOCKMARKET,3
09/04/2015,CH,China,ECON_STOCKMARKET,14
09/04/2015,GM,Germany,ECON_STOCKMARKET,1
09/04/2015,IN,India,ECON_STOCKMARKET,1
09/04/2015,IZ,Iraq,ECON_STOCKMARKET,1
09/04/2015,NO,Norway,ECON_STOCKMARKET,2
09/04/2015,TW,Taiwan,ECON_STOCKMARKET,1
09/04/2015,UK,United Kingdom,ECON_STOCKMARKET,1
09/04/2015,US,United States,ECON_STOCKMARKET,4
09/05/2015,GM,Germany,ECON_STOCKMARKET,1
09/05/2015,SA,Saudi Arabia,ECON_STOCKMARKET,6
09/06/2015,GR,Greece,ECON_STOCKMARKET,1
09/06/2015,ID,Indonesia,ECON_STOCKMARKET,1
09/06/2015,MX,Mexico,ECON_STOCKMARKET,1
09/07/2015,AU,Austria,ECON_STOCKMARKET,1
09/07/2015,CH,China,ECON_STOCKMARKET,1
09/07/2015,GM,Germany,ECON_STOCKMARKET,1
09/07/2015,GR,Greece,ECON_STOCKMARKET,1
09/07/2015,JA,Japan,ECON_STOCKMARKET,1
09/07/2015,KS,"Korea, South",ECON_STOCKMARKET,1
09/07/2015,RP,Philippines,ECON_STOCKMARKET,2
09/07/2015,SP,Spain,ECON_STOCKMARKET,2
09/07/2015,UK,United Kingdom,ECON_STOCKMARKET,2
09/07/2015,US,United States,ECON_STOCKMARKET,1
09/08/2015,AS,Australia,ECON_STOCKMARKET,3
09/08/2015,CA,Canada,ECON_STOCKMARKET,5
09/08/2015,CH,China,ECON_STOCKMARKET,4
09/08/2015,FI,Finland,ECON_STOCKMARKET,1
09/08/2015,FR,France,ECON_STOCKMARKET,2
09/08/2015,UK,United Kingdom,ECON_STOCKMARKET,2
09/09/2015,BR,Brazil,ECON_STOCKMARKET,1
09/09/2015,CH,China,ECON_STOCKMARKET,7
09/09/2015,GR,Greece,ECON_STOCKMARKET,1
09/09/2015,JA,Japan,ECON_STOCKMARKET,1
09/09/2015,KS,"Korea, South",ECON_STOCKMARKET,1
09/09/2015,US,United States,ECON_STOCKMARKET,1
09/10/2015,AS,Australia,ECON_STOCKMARKET,1
09/10/2015,CA,Canada,ECON_STOCKMARKET,1
09/10/2015,CH,China,ECON_STOCKMARKET,8
09/10/2015,CI,Chile,ECON_STOCKMARKET,25
09/10/2015,MX,Mexico,ECON_STOCKMARKET,1
09/10/2015,RP,Philippines,ECON_STOCKMARKET,2
09/10/2015,RS,Russia,ECON_STOCKMARKET,1
09/10/2015,US,United States,ECON_STOCKMARKET,1
09/11/2015,CA,Canada,ECON_STOCKMARKET,1
09/11/2015,CH,China,ECON_STOCKMARKET,6
09/11/2015,GM,Germany,ECON_STOCKMARKET,1
09/11/2015,ID,Indonesia,ECON_STOCKMARKET,10
09/11/2015,IN,India,ECON_STOCKMARKET,1
09/11/2015,KS,"Korea, South",ECON_STOCKMARKET,1
09/11/2015,MY,Malaysia,ECON_STOCKMARKET,1
09/11/2015,PL,Poland,ECON_STOCKMARKET,1
09/11/2015,SP,Spain,ECON_STOCKMARKET,1
09/11/2015,TW,Taiwan,ECON_STOCKMARKET,1
09/11/2015,US,United States,ECON_STOCKMARKET,2
09/11/2015,VE,Venezuela,ECON_STOCKMARKET,2
09/12/2015,EG,Egypt,ECON_STOCKMARKET,1
09/13/2015,IS,Israel,ECON_STOCKMARKET,9
09/13/2015,SA,Saudi Arabia,ECON_STOCKMARKET,2
09/13/2015,US,United States,ECON_STOCKMARKET,2
09/14/2015,AU,Austria,ECON_STOCKMARKET,2
09/14/2015,CH,China,ECON_STOCKMARKET,1
09/14/2015,JA,Japan,ECON_STOCKMARKET,4
09/14/2015,MX,Mexico,ECON_STOCKMARKET,1
09/14/2015,RP,Philippines,ECON_STOCKMARKET,1
09/14/2015,RS,Russia,ECON_STOCKMARKET,3
09/14/2015,TU,Turkey,ECON_STOCKMARKET,2
09/14/2015,US,United States,ECON_STOCKMARKET,2
09/15/2015,CH,China,ECON_STOCKMARKET,2
09/15/2015,EI,Ireland,ECON_STOCKMARKET,1
09/15/2015,EZ,Czech Republic,ECON_STOCKMARKET,1
09/15/2015,FR,France,ECON_STOCKMARKET,1
09/15/2015,IR,Iran,ECON_STOCKMARKET,1
09/15/2015,MX,Mexico,ECON_STOCKMARKET,3
09/15/2015,SN,Singapore,ECON_STOCKMARKET,1
09/15/2015,TH,Thailand,ECON_STOCKMARKET,1
09/15/2015,TU,Turkey,ECON_STOCKMARKET,4
09/15/2015,UP,Ukraine,ECON_STOCKMARKET,2
09/15/2015,US,United States,ECON_STOCKMARKET,1
09/16/2015,BE,Belgium,ECON_STOCKMARKET,3
09/16/2015,CH,China,ECON_STOCKMARKET,10
09/16/2015,KS,"Korea, South",ECON_STOCKMARKET,3
09/16/2015,UK,United Kingdom,ECON_STOCKMARKET,5
09/16/2015,US,United States,ECON_STOCKMARKET,3
09/16/2015,VM,Vietnam,ECON_STOCKMARKET,1
09/17/2015,CH,China,ECON_STOCKMARKET,2
09/17/2015,CI,Chile,ECON_STOCKMARKET,1
09/17/2015,FR,France,ECON_STOCKMARKET,4
09/17/2015,GM,Germany,ECON_STOCKMARKET,3
09/17/2015,IR,Iran,ECON_STOCKMARKET,21
09/17/2015,JE,Jersey,ECON_STOCKMARKET,3
09/17/2015,TH,Thailand,ECON_STOCKMARKET,1
09/17/2015,US,United States,ECON_STOCKMARKET,7
09/17/2015,YM,Yemen,ECON_STOCKMARKET,1
09/18/2015,AS,Australia,ECON_STOCKMARKET,1
09/18/2015,CH,China,ECON_STOCKMARKET,10
09/18/2015,IN,India,ECON_STOCKMARKET,2
09/18/2015,US,United States,ECON_STOCKMARKET,1
09/19/2015,CH,China,ECON_STOCKMARKET,1
09/19/2015,GM,Germany,ECON_STOCKMARKET,1
09/19/2015,GR,Greece,ECON_STOCKMARKET,1
09/19/2015,IN,India,ECON_STOCKMARKET,4
09/19/2015,US,United States,ECON_STOCKMARKET,1
09/19/2015,VE,Venezuela,ECON_STOCKMARKET,1
09/20/2015,AS,Australia,ECON_STOCKMARKET,1
09/20/2015,LE,Lebanon,ECON_STOCKMARKET,1
09/20/2015,MO,Morocco,ECON_STOCKMARKET,1
09/20/2015,SA,Saudi Arabia,ECON_STOCKMARKET,1
09/20/2015,SI,Slovenia,ECON_STOCKMARKET,3
09/21/2015,BR,Brazil,ECON_STOCKMARKET,2
09/21/2015,CH,China,ECON_STOCKMARKET,21
09/21/2015,HK,Hong Kong,ECON_STOCKMARKET,1
09/21/2015,JA,Japan,ECON_STOCKMARKET,2
09/21/2015,KS,"Korea, South",ECON_STOCKMARKET,2
09/21/2015,UK,United Kingdom,ECON_STOCKMARKET,1
09/21/2015,US,United States,ECON_STOCKMARKET,1
09/22/2015,CA,Canada,ECON_STOCKMARKET,1
09/22/2015,CH,China,ECON_STOCKMARKET,1
09/22/2015,SW,Sweden,ECON_STOCKMARKET,4
09/22/2015,SZ,Switzerland,ECON_STOCKMARKET,7
09/22/2015,TU,Turkey,ECON_STOCKMARKET,1
09/22/2015,UK,United Kingdom,ECON_STOCKMARKET,3
09/22/2015,US,United States,ECON_STOCKMARKET,7
09/22/2015,VE,Venezuela,ECON_STOCKMARKET,1
09/22/2015,VM,Vietnam,ECON_STOCKMARKET,1
09/23/2015,CH,China,ECON_STOCKMARKET,9
09/23/2015,FR,France,ECON_STOCKMARKET,1
09/23/2015,RS,Russia,ECON_STOCKMARKET,7
09/23/2015,SP,Spain,ECON_STOCKMARKET,1
09/23/2015,SW,Sweden,ECON_STOCKMARKET,2
09/23/2015,US,United States,ECON_STOCKMARKET,8
09/24/2015,BE,Belgium,ECON_STOCKMARKET,1
09/24/2015,CH,China,ECON_STOCKMARKET,3
09/24/2015,EZ,Czech Republic,ECON_STOCKMARKET,1
09/24/2015,FR,France,ECON_STOCKMARKET,2
09/24/2015,GM,Germany,ECON_STOCKMARKET,1
09/24/2015,RS,Russia,ECON_STOCKMARKET,2
09/24/2015,UP,Ukraine,ECON_STOCKMARKET,1
09/24/2015,US,United States,ECON_STOCKMARKET,12
09/25/2015,AS,Australia,ECON_STOCKMARKET,1
09/25/2015,AU,Austria,ECON_STOCKMARKET,3
09/25/2015,CH,China,ECON_STOCKMARKET,6
09/25/2015,ID,Indonesia,ECON_STOCKMARKET,3
09/25/2015,KZ,Kazakhstan,ECON_STOCKMARKET,1
09/25/2015,RP,Philippines,ECON_STOCKMARKET,4
09/25/2015,UK,United Kingdom,ECON_STOCKMARKET,1
09/25/2015,UP,Ukraine,ECON_STOCKMARKET,1
09/25/2015,US,United States,ECON_STOCKMARKET,2
09/26/2015,CH,China,ECON_STOCKMARKET,3
09/26/2015,GR,Greece,ECON_STOCKMARKET,1
09/27/2015,CH,China,ECON_STOCKMARKET,1
09/27/2015,UK,United Kingdom,ECON_STOCKMARKET,1
09/28/2015,CH,China,ECON_STOCKMARKET,26
09/28/2015,FR,France,ECON_STOCKMARKET,1
09/28/2015,GM,Germany,ECON_STOCKMARKET,1
09/28/2015,GR,Greece,ECON_STOCKMARKET,1
09/28/2015,ID,Indonesia,ECON_STOCKMARKET,1
09/28/2015,IN,India,ECON_STOCKMARKET,3
09/28/2015,IT,Italy,ECON_STOCKMARKET,1
09/28/2015,NL,Netherlands,ECON_STOCKMARKET,1
09/28/2015,RS,Russia,ECON_STOCKMARKET,3
09/28/2015,SZ,Switzerland,ECON_STOCKMARKET,1
09/28/2015,US,United States,ECON_STOCKMARKET,5
09/29/2015,CH,China,ECON_STOCKMARKET,1
09/29/2015,CY,Cyprus,ECON_STOCKMARKET,1
09/29/2015,EI,Ireland,ECON_STOCKMARKET,1
09/29/2015,MX,Mexico,ECON_STOCKMARKET,1
09/29/2015,SZ,Switzerland,ECON_STOCKMARKET,3
09/29/2015,UK,United Kingdom,ECON_STOCKMARKET,5
09/29/2015,US,United States,ECON_STOCKMARKET,2
09/29/2015,VM,Vietnam,ECON_STOCKMARKET,3
09/30/2015,AR,Argentina,ECON_STOCKMARKET,2
09/30/2015,CB,Cambodia,ECON_STOCKMARKET,1
09/30/2015,CH,China,ECON_STOCKMARKET,2
09/30/2015,EZ,Czech Republic,ECON_STOCKMARKET,1
09/30/2015,FR,France,ECON_STOCKMARKET,4
09/30/2015,RW,Rwanda,ECON_STOCKMARKET,1
09/30/2015,SW,Sweden,ECON_STOCKMARKET,3
09/30/2015,UK,United Kingdom,ECON_STOCKMARKET,2
09/30/2015,US,United States,ECON_STOCKMARKET,1
09/30/2015,VM,Vietnam,ECON_STOCKMARKET,8
10/01/2015,AS,Australia,ECON_STOCKMARKET,1
10/01/2015,CI,Chile,ECON_STOCKMARKET,2
10/01/2015,GR,Greece,ECON_STOCKMARKET,1
10/01/2015,JA,Japan,ECON_STOCKMARKET,3
10/01/2015,RS,Russia,ECON_STOCKMARKET,1
10/01/2015,TU,Turkey,ECON_STOCKMARKET,1
10/01/2015,UK,United Kingdom,ECON_STOCKMARKET,2
10/01/2015,US,United States,ECON_STOCKMARKET,1
10/02/2015,AS,Australia,ECON_STOCKMARKET,2
10/02/2015,CH,China,ECON_STOCKMARKET,2
10/02/2015,FR,France,ECON_STOCKMARKET,7
10/02/2015,GM,Germany,ECON_STOCKMARKET,2
10/02/2015,PL,Poland,ECON_STOCKMARKET,1
10/02/2015,UK,United Kingdom,ECON_STOCKMARKET,3
10/02/2015,UP,Ukraine,ECON_STOCKMARKET,1
10/03/2015,CH,China,ECON_STOCKMARKET,3
10/03/2015,US,United States,ECON_STOCKMARKET,1
10/04/2015,CH,China,ECON_STOCKMARKET,2
10/04/2015,HU,Hungary,ECON_STOCKMARKET,1
10/04/2015,TW,Taiwan,ECON_STOCKMARKET,1
10/05/2015,AR,Argentina,ECON_STOCKMARKET,1
10/05/2015,CH,China,ECON_STOCKMARKET,1
10/05/2015,FR,France,ECON_STOCKMARKET,1
10/05/2015,JA,Japan,ECON_STOCKMARKET,7
10/05/2015,LU,Luxembourg,ECON_STOCKMARKET,1
10/06/2015,AE,United Arab Emirates,ECON_STOCKMARKET,1
10/06/2015,BO,Belarus,ECON_STOCKMARKET,2
10/06/2015,CH,China,ECON_STOCKMARKET,3
10/06/2015,GM,Germany,ECON_STOCKMARKET,1
10/06/2015,PK,Pakistan,ECON_STOCKMARKET,1
10/06/2015,RS,Russia,ECON_STOCKMARKET,2
10/06/2015,SP,Spain,ECON_STOCKMARKET,2
10/06/2015,US,United States,ECON_STOCKMARKET,1
10/07/2015,BU,Bulgaria,ECON_STOCKMARKET,2
10/07/2015,HR,Croatia,ECON_STOCKMARKET,1
10/07/2015,IT,Italy,ECON_STOCKMARKET,1
10/07/2015,JA,Japan,ECON_STOCKMARKET,3
10/07/2015,KS,"Korea, South",ECON_STOCKMARKET,1
10/07/2015,PL,Poland,ECON_STOCKMARKET,2
10/07/2015,RS,Russia,ECON_STOCKMARKET,3
10/07/2015,TW,Taiwan,ECON_STOCKMARKET,5
10/07/2015,UK,United Kingdom,ECON_STOCKMARKET,1
10/07/2015,US,United States,ECON_STOCKMARKET,3
10/08/2015,CH,China,ECON_STOCKMARKET,18
10/08/2015,FR,France,ECON_STOCKMARKET,1
10/08/2015,GM,Germany,ECON_STOCKMARKET,2
10/08/2015,JA,Japan,ECON_STOCKMARKET,1
10/08/2015,KZ,Kazakhstan,ECON_STOCKMARKET,2
10/08/2015,MX,Mexico,ECON_STOCKMARKET,6
10/08/2015,RS,Russia,ECON_STOCKMARKET,1
10/08/2015,US,United States,ECON_STOCKMARKET,2
10/09/2015,AS,Australia,ECON_STOCKMARKET,1
10/09/2015,CH,China,ECON_STOCKMARKET,34
10/09/2015,FI,Finland,ECON_STOCKMARKET,1
10/09/2015,FR,France,ECON_STOCKMARKET,3
10/09/2015,GM,Germany,ECON_STOCKMARKET,4
10/09/2015,IN,India,ECON_STOCKMARKET,1
10/09/2015,IT,Italy,ECON_STOCKMARKET,16
10/09/2015,LE,Lebanon,ECON_STOCKMARKET,3
10/09/2015,RI,Serbia,ECON_STOCKMARKET,2
10/09/2015,RS,Russia,ECON_STOCKMARKET,10
10/09/2015,UK,United Kingdom,ECON_STOCKMARKET,1
10/09/2015,US,United States,ECON_STOCKMARKET,3
10/10/2015,CH,China,ECON_STOCKMARKET,4
10/11/2015,JA,Japan,ECON_STOCKMARKET,1
10/11/2015,KS,"Korea, South",ECON_STOCKMARKET,1
10/12/2015,AS,Australia,ECON_STOCKMARKET,1
10/12/2015,FR,France,ECON_STOCKMARKET,1
10/12/2015,GM,Germany,ECON_STOCKMARKET,2
10/12/2015,KU,Kuwait,ECON_STOCKMARKET,1
10/12/2015,PL,Poland,ECON_STOCKMARKET,1
10/12/2015,US,United States,ECON_STOCKMARKET,3
10/12/2015,VM,Vietnam,ECON_STOCKMARKET,2
10/13/2015,CA,Canada,ECON_STOCKMARKET,2
10/13/2015,CH,China,ECON_STOCKMARKET,1
10/13/2015,IT,Italy,ECON_STOCKMARKET,2
10/13/2015,RS,Russia,ECON_STOCKMARKET,1
10/13/2015,SW,Sweden,ECON_STOCKMARKET,1
10/13/2015,SY,Syria,ECON_STOCKMARKET,1
10/14/2015,AR,Argentina,ECON_STOCKMARKET,1
10/14/2015,CH,China,ECON_STOCKMARKET,9
10/14/2015,EZ,Czech Republic,ECON_STOCKMARKET,2
10/14/2015,IT,Italy,ECON_STOCKMARKET,1
10/14/2015,MY,Malaysia,ECON_STOCKMARKET,1
10/14/2015,NI,Nigeria,ECON_STOCKMARKET,2
10/14/2015,PE,Peru,ECON_STOCKMARKET,3
10/14/2015,RS,Russia,ECON_STOCKMARKET,1
10/14/2015,SZ,Switzerland,ECON_STOCKMARKET,5
10/14/2015,UK,United Kingdom,ECON_STOCKMARKET,5
10/14/2015,US,United States,ECON_STOCKMARKET,2
10/15/2015,AU,Austria,ECON_STOCKMARKET,2
10/15/2015,CH,China,ECON_STOCKMARKET,3
10/15/2015,FR,France,ECON_STOCKMARKET,1
10/15/2015,IN,India,ECON_STOCKMARKET,1
10/15/2015,IT,Italy,ECON_STOCKMARKET,1
10/15/2015,JA,Japan,ECON_STOCKMARKET,7
10/15/2015,NO,Norway,ECON_STOCKMARKET,6
10/15/2015,NZ,New Zealand,ECON_STOCKMARKET,1
10/15/2015,TW,Taiwan,ECON_STOCKMARKET,6
10/15/2015,UP,Ukraine,ECON_STOCKMARKET,2
10/15/2015,US,United States,ECON_STOCKMARKET,1
10/16/2015,CA,Canada,ECON_STOCKMARKET,1
10/16/2015,CH,China,ECON_STOCKMARKET,5
10/16/2015,CI,Chile,ECON_STOCKMARKET,25
10/16/2015,FR,France,ECON_STOCKMARKET,2
10/16/2015,RQ,Puerto Rico,ECON_STOCKMARKET,4
10/16/2015,RS,Russia,ECON_STOCKMARKET,4
10/16/2015,US,United States,ECON_STOCKMARKET,3
10/16/2015,VM,Vietnam,ECON_STOCKMARKET,1
10/17/2015,GR,Greece,ECON_STOCKMARKET,1
10/17/2015,IS,Israel,ECON_STOCKMARKET,1
10/17/2015,US,United States,ECON_STOCKMARKET,2
10/18/2015,CH,China,ECON_STOCKMARKET,4
10/18/2015,US,United States,ECON_STOCKMARKET,1
10/19/2015,AR,Argentina,ECON_STOCKMARKET,3
10/19/2015,BR,Brazil,ECON_STOCKMARKET,2
10/19/2015,CH,China,ECON_STOCKMARKET,15
10/19/2015,CI,Chile,ECON_STOCKMARKET,1
10/19/2015,GM,Germany,ECON_STOCKMARKET,1
10/19/2015,JA,Japan,ECON_STOCKMARKET,1
10/19/2015,RS,Russia,ECON_STOCKMARKET,2
10/19/2015,SW,Sweden,ECON_STOCKMARKET,3
10/19/2015,SZ,Switzerland,ECON_STOCKMARKET,10
10/19/2015,US,United States,ECON_STOCKMARKET,1
10/19/2015,VM,Vietnam,ECON_STOCKMARKET,60
10/20/2015,AR,Argentina,ECON_STOCKMARKET,4
10/20/2015,AS,Australia,ECON_STOCKMARKET,1
10/20/2015,CI,Chile,ECON_STOCKMARKET,1
10/20/2015,ET,Ethiopia,ECON_STOCKMARKET,1
10/20/2015,EZ,Czech Republic,ECON_STOCKMARKET,1
10/20/2015,IN,India,ECON_STOCKMARKET,2
10/20/2015,UK,United Kingdom,ECON_STOCKMARKET,4
10/20/2015,US,United States,ECON_STOCKMARKET,1
10/21/2015,US,United States,ECON_STOCKMARKET,1
10/21/2015,VE,Venezuela,ECON_STOCKMARKET,3
10/23/2015,CH,China,ECON_STOCKMARKET,3
10/23/2015,FR,France,ECON_STOCKMARKET,2
10/23/2015,IR,Iran,ECON_STOCKMARKET,4
10/23/2015,IT,Italy,ECON_STOCKMARKET,3
10/23/2015,MD,Moldova,ECON_STOCKMARKET,1
10/23/2015,TU,Turkey,ECON_STOCKMARKET,1
10/23/2015,UK,United Kingdom,ECON_STOCKMARKET,2
10/23/2015,US,United States,ECON_STOCKMARKET,6
10/24/2015,MY,Malaysia,ECON_STOCKMARKET,13
10/24/2015,US,United States,ECON_STOCKMARKET,3
10/25/2015,AS,Australia,ECON_STOCKMARKET,1
10/25/2015,CH,China,ECON_STOCKMARKET,11
10/26/2015,CH,China,ECON_STOCKMARKET,4
10/26/2015,CI,Chile,ECON_STOCKMARKET,25
10/26/2015,FR,France,ECON_STOCKMARKET,3
10/26/2015,HU,Hungary,ECON_STOCKMARKET,1
10/26/2015,JA,Japan,ECON_STOCKMARKET,5
10/26/2015,SP,Spain,ECON_STOCKMARKET,1
10/26/2015,US,United States,ECON_STOCKMARKET,1
10/27/2015,CH,China,ECON_STOCKMARKET,4
10/27/2015,CI,Chile,ECON_STOCKMARKET,5
10/27/2015,IT,Italy,ECON_STOCKMARKET,1
10/27/2015,RS,Russia,ECON_STOCKMARKET,3
10/27/2015,US,United States,ECON_STOCKMARKET,6
10/28/2015,CA,Canada,ECON_STOCKMARKET,9
10/28/2015,CH,China,ECON_STOCKMARKET,8
10/28/2015,CI,Chile,ECON_STOCKMARKET,3
10/28/2015,FR,France,ECON_STOCKMARKET,2
10/28/2015,GR,Greece,ECON_STOCKMARKET,4
10/28/2015,IN,India,ECON_STOCKMARKET,2
10/28/2015,IT,Italy,ECON_STOCKMARKET,3
10/28/2015,JA,Japan,ECON_STOCKMARKET,1
10/28/2015,MX,Mexico,ECON_STOCKMARKET,3
10/28/2015,RS,Russia,ECON_STOCKMARKET,1
10/28/2015,US,United States,ECON_STOCKMARKET,3
10/29/2015,CH,China,ECON_STOCKMARKET,1
10/29/2015,CO,Colombia,ECON_STOCKMARKET,2
10/29/2015,FI,Finland,ECON_STOCKMARKET,1
10/29/2015,FR,France,ECON_STOCKMARKET,1
10/29/2015,IN,India,ECON_STOCKMARKET,1
10/29/2015,JA,Japan,ECON_STOCKMARKET,2
10/29/2015,MX,Mexico,ECON_STOCKMARKET,3
10/29/2015,PL,Poland,ECON_STOCKMARKET,1
10/29/2015,SF,South Africa,ECON_STOCKMARKET,1
10/29/2015,SN,Singapore,ECON_STOCKMARKET,1
10/29/2015,UK,United Kingdom,ECON_STOCKMARKET,2
10/29/2015,US,United States,ECON_STOCKMARKET,2
10/30/2015,CH,China,ECON_STOCKMARKET,5
10/30/2015,EG,Egypt,ECON_STOCKMARKET,1
10/30/2015,IN,India,ECON_STOCKMARKET,1
10/30/2015,TU,Turkey,ECON_STOCKMARKET,4
10/30/2015,UK,United Kingdom,ECON_STOCKMARKET,1
10/30/2015,UP,Ukraine,ECON_STOCKMARKET,1
10/30/2015,US,United States,ECON_STOCKMARKET,3
10/30/2015,VM,Vietnam,ECON_STOCKMARKET,5
10/31/2015,AS,Australia,ECON_STOCKMARKET,1
10/31/2015,PE,Peru,ECON_STOCKMARKET,1
11/01/2015,CH,China,ECON_STOCKMARKET,8
11/01/2015,RS,Russia,ECON_STOCKMARKET,3
11/02/2015,AS,Australia,ECON_STOCKMARKET,1
11/02/2015,BO,Belarus,ECON_STOCKMARKET,2
11/02/2015,CH,China,ECON_STOCKMARKET,5
11/02/2015,IN,India,ECON_STOCKMARKET,1
11/02/2015,JA,Japan,ECON_STOCKMARKET,4
11/02/2015,TH,Thailand,ECON_STOCKMARKET,1
11/02/2015,UK,United Kingdom,ECON_STOCKMARKET,1
11/02/2015,UP,Ukraine,ECON_STOCKMARKET,1
11/02/2015,US,United States,ECON_STOCKMARKET,6
11/03/2015,CH,China,ECON_STOCKMARKET,10
11/03/2015,EI,Ireland,ECON_STOCKMARKET,3
11/03/2015,FR,France,ECON_STOCKMARKET,1
11/03/2015,ID,Indonesia,ECON_STOCKMARKET,1
11/03/2015,SU,Sudan,ECON_STOCKMARKET,3
11/03/2015,UK,United Kingdom,ECON_STOCKMARKET,2
11/03/2015,US,United States,ECON_STOCKMARKET,15
11/03/2015,VM,Vietnam,ECON_STOCKMARKET,10
11/04/2015,AS,Australia,ECON_STOCKMARKET,1
11/04/2015,CH,China,ECON_STOCKMARKET,8
11/04/2015,GQ,Guam,ECON_STOCKMARKET,4
11/04/2015,GR,Greece,ECON_STOCKMARKET,2
11/04/2015,JA,Japan,ECON_STOCKMARKET,1
11/04/2015,MX,Mexico,ECON_STOCKMARKET,1
11/04/2015,SW,Sweden,ECON_STOCKMARKET,1
11/04/2015,UK,United Kingdom,ECON_STOCKMARKET,6
11/04/2015,UP,Ukraine,ECON_STOCKMARKET,1
11/04/2015,US,United States,ECON_STOCKMARKET,2
11/05/2015,BR,Brazil,ECON_STOCKMARKET,1
11/05/2015,CH,China,ECON_STOCKMARKET,17
11/05/2015,IN,India,ECON_STOCKMARKET,1
11/05/2015,NI,Nigeria,ECON_STOCKMARKET,3
11/05/2015,NL,Netherlands,ECON_STOCKMARKET,1
11/05/2015,RS,Russia,ECON_STOCKMARKET,2
11/05/2015,UK,United Kingdom,ECON_STOCKMARKET,1
11/05/2015,US,United States,ECON_STOCKMARKET,7
11/06/2015,CH,China,ECON_STOCKMARKET,3
11/06/2015,IN,India,ECON_STOCKMARKET,1
11/06/2015,JA,Japan,ECON_STOCKMARKET,2
11/06/2015,SP,Spain,ECON_STOCKMARKET,3
11/06/2015,UK,United Kingdom,ECON_STOCKMARKET,4
11/06/2015,US,United States,ECON_STOCKMARKET,6
11/07/2015,CH,China,ECON_STOCKMARKET,2
11/07/2015,US,United States,ECON_STOCKMARKET,1
11/08/2015,AE,United Arab Emirates,ECON_STOCKMARKET,1
11/09/2015,AS,Australia,ECON_STOCKMARKET,2
11/09/2015,GR,Greece,ECON_STOCKMARKET,1
11/09/2015,SF,South Africa,ECON_STOCKMARKET,1
11/09/2015,UK,United Kingdom,ECON_STOCKMARKET,1
11/09/2015,UP,Ukraine,ECON_STOCKMARKET,1
11/10/2015,BC,Botswana,ECON_STOCKMARKET,1
11/10/2015,CB,Cambodia,ECON_STOCKMARKET,1
11/10/2015,CH,China,ECON_STOCKMARKET,19
11/10/2015,IN,India,ECON_STOCKMARKET,3
11/10/2015,JA,Japan,ECON_STOCKMARKET,6
11/10/2015,RS,Russia,ECON_STOCKMARKET,1
11/10/2015,UK,United Kingdom,ECON_STOCKMARKET,10
11/10/2015,US,United States,ECON_STOCKMARKET,3
11/11/2015,EG,Egypt,ECON_STOCKMARKET,1
11/11/2015,FR,France,ECON_STOCKMARKET,2
11/11/2015,HK,Hong Kong,ECON_STOCKMARKET,4
11/11/2015,JA,Japan,ECON_STOCKMARKET,3
11/11/2015,RP,Philippines,ECON_STOCKMARKET,1
11/11/2015,TW,Taiwan,ECON_STOCKMARKET,1
11/11/2015,US,United States,ECON_STOCKMARKET,1
11/12/2015,AJ,Azerbaijan,ECON_STOCKMARKET,1
11/12/2015,AS,Australia,ECON_STOCKMARKET,1
11/12/2015,CA,Canada,ECON_STOCKMARKET,3
11/12/2015,GM,Germany,ECON_STOCKMARKET,1
11/12/2015,GR,Greece,ECON_STOCKMARKET,1
11/12/2015,ID,Indonesia,ECON_STOCKMARKET,15
11/12/2015,UK,United Kingdom,ECON_STOCKMARKET,1
11/12/2015,US,United States,ECON_STOCKMARKET,2
11/13/2015,CA,Canada,ECON_STOCKMARKET,1
11/13/2015,GM,Germany,ECON_STOCKMARKET,1
11/13/2015,ID,Indonesia,ECON_STOCKMARKET,6
11/13/2015,IN,India,ECON_STOCKMARKET,12
11/13/2015,IT,Italy,ECON_STOCKMARKET,2
11/13/2015,JA,Japan,ECON_STOCKMARKET,1
11/13/2015,LE,Lebanon,ECON_STOCKMARKET,1
11/13/2015,NL,Netherlands,ECON_STOCKMARKET,3
11/13/2015,RS,Russia,ECON_STOCKMARKET,1
11/13/2015,UK,United Kingdom,ECON_STOCKMARKET,1
11/13/2015,US,United States,ECON_STOCKMARKET,1
11/13/2015,VM,Vietnam,ECON_STOCKMARKET,8
11/14/2015,CH,China,ECON_STOCKMARKET,2
11/14/2015,SZ,Switzerland,ECON_STOCKMARKET,1
11/15/2015,CA,Canada,ECON_STOCKMARKET,2
11/15/2015,CH,China,ECON_STOCKMARKET,3
11/15/2015,IN,India,ECON_STOCKMARKET,1
11/15/2015,JA,Japan,ECON_STOCKMARKET,4
11/15/2015,UK,United Kingdom,ECON_STOCKMARKET,5
11/15/2015,US,United States,ECON_STOCKMARKET,1
11/16/2015,CH,China,ECON_STOCKMARKET,4
11/16/2015,CI,Chile,ECON_STOCKMARKET,25
11/16/2015,UK,United Kingdom,ECON_STOCKMARKET,1
11/17/2015,AS,Australia,ECON_STOCKMARKET,2
11/17/2015,NI,Nigeria,ECON_STOCKMARKET,1
11/17/2015,NL,Netherlands,ECON_STOCKMARKET,1
11/17/2015,UK,United Kingdom,ECON_STOCKMARKET,1
11/17/2015,US,United States,ECON_STOCKMARKET,1
11/18/2015,BR,Brazil,ECON_STOCKMARKET,1
11/18/2015,CH,China,ECON_STOCKMARKET,3
11/18/2015,GH,Ghana,ECON_STOCKMARKET,1
11/18/2015,GM,Germany,ECON_STOCKMARKET,2
11/18/2015,HK,Hong Kong,ECON_STOCKMARKET,1
11/18/2015,IT,Italy,ECON_STOCKMARKET,3
11/18/2015,RS,Russia,ECON_STOCKMARKET,1
11/18/2015,SA,Saudi Arabia,ECON_STOCKMARKET,1
11/18/2015,UK,United Kingdom,ECON_STOCKMARKET,3
11/18/2015,US,United States,ECON_STOCKMARKET,9
11/18/2015,VE,Venezuela,ECON_STOCKMARKET,1
11/19/2015,CH,China,ECON_STOCKMARKET,8
11/19/2015,IN,India,ECON_STOCKMARKET,1
11/19/2015,JA,Japan,ECON_STOCKMARKET,3
11/19/2015,KU,Kuwait,ECON_STOCKMARKET,1
11/19/2015,RS,Russia,ECON_STOCKMARKET,3
11/19/2015,US,United States,ECON_STOCKMARKET,10
11/20/2015,BE,Belgium,ECON_STOCKMARKET,1
11/20/2015,FR,France,ECON_STOCKMARKET,1
11/20/2015,HU,Hungary,ECON_STOCKMARKET,1
11/20/2015,PA,Paraguay,ECON_STOCKMARKET,4
11/20/2015,TH,Thailand,ECON_STOCKMARKET,5
11/20/2015,TW,Taiwan,ECON_STOCKMARKET,6
11/20/2015,UP,Ukraine,ECON_STOCKMARKET,1
11/21/2015,BK,Bosnia and Herzegovina,ECON_STOCKMARKET,1
11/21/2015,CH,China,ECON_STOCKMARKET,3
11/21/2015,EG,Egypt,ECON_STOCKMARKET,1
11/21/2015,GM,Germany,ECON_STOCKMARKET,1
11/21/2015,ID,Indonesia,ECON_STOCKMARKET,5
11/21/2015,LE,Lebanon,ECON_STOCKMARKET,1
11/21/2015,MX,Mexico,ECON_STOCKMARKET,6
11/21/2015,VM,Vietnam,ECON_STOCKMARKET,1
11/22/2015,SA,Saudi Arabia,ECON_STOCKMARKET,3
11/22/2015,TU,Turkey,ECON_STOCKMARKET,1
11/22/2015,UP,Ukraine,ECON_STOCKMARKET,1
11/22/2015,US,United States,ECON_STOCKMARKET,11
11/23/2015,AU,Austria,ECON_STOCKMARKET,3
11/23/2015,CH,China,ECON_STOCKMARKET,5
11/23/2015,ML,Mali,ECON_STOCKMARKET,4
11/23/2015,SW,Sweden,ECON_STOCKMARKET,4
11/23/2015,TW,Taiwan,ECON_STOCKMARKET,2
11/23/2015,UK,United Kingdom,ECON_STOCKMARKET,1
11/23/2015,US,United States,ECON_STOCKMARKET,3
11/24/2015,BE,Belgium,ECON_STOCKMARKET,1
11/24/2015,CA,Canada,ECON_STOCKMARKET,2
11/24/2015,CH,China,ECON_STOCKMARKET,9
11/24/2015,MX,Mexico,ECON_STOCKMARKET,1
11/24/2015,RS,Russia,ECON_STOCKMARKET,3
11/24/2015,SP,Spain,ECON_STOCKMARKET,1
11/24/2015,US,United States,ECON_STOCKMARKET,3
11/25/2015,AE,United Arab Emirates,ECON_STOCKMARKET,1
11/25/2015,AM,Armenia,ECON_STOCKMARKET,1
11/25/2015,BL,Bolivia,ECON_STOCKMARKET,1
11/25/2015,GM,Germany,ECON_STOCKMARKET,1
11/25/2015,RS,Russia,ECON_STOCKMARKET,9
11/25/2015,SY,Syria,ECON_STOCKMARKET,1
11/25/2015,US,United States,ECON_STOCKMARKET,2
11/26/2015,AS,Australia,ECON_STOCKMARKET,2
11/26/2015,BR,Brazil,ECON_STOCKMARKET,1
11/26/2015,CA,Canada,ECON_STOCKMARKET,1
11/26/2015,CH,China,ECON_STOCKMARKET,32
11/26/2015,CM,Cameroon,ECON_STOCKMARKET,1
11/26/2015,EI,Ireland,ECON_STOCKMARKET,1
11/26/2015,FR,France,ECON_STOCKMARKET,3
11/26/2015,ID,Indonesia,ECON_STOCKMARKET,4
11/26/2015,JA,Japan,ECON_STOCKMARKET,8
11/26/2015,PL,Poland,ECON_STOCKMARKET,3
11/26/2015,RS,Russia,ECON_STOCKMARKET,3
11/26/2015,SZ,Switzerland,ECON_STOCKMARKET,2
11/26/2015,TU,Turkey,ECON_STOCKMARKET,2
11/26/2015,UK,United Kingdom,ECON_STOCKMARKET,1
11/27/2015,AS,Australia,ECON_STOCKMARKET,1
11/27/2015,AU,Austria,ECON_STOCKMARKET,2
11/27/2015,BR,Brazil,ECON_STOCKMARKET,1
11/27/2015,CH,China,ECON_STOCKMARKET,19
11/27/2015,EG,Egypt,ECON_STOCKMARKET,5
11/27/2015,RS,Russia,ECON_STOCKMARKET,1
11/27/2015,SP,Spain,ECON_STOCKMARKET,1
11/27/2015,US,United States,ECON_STOCKMARKET,5
11/28/2015,CH,China,ECON_STOCKMARKET,1
11/28/2015,UK,United Kingdom,ECON_STOCKMARKET,2
11/30/2015,GM,Germany,ECON_STOCKMARKET,3
11/30/2015,IT,Italy,ECON_STOCKMARKET,5
11/30/2015,RS,Russia,ECON_STOCKMARKET,1
11/30/2015,TH,Thailand,ECON_STOCKMARKET,2
11/30/2015,UK,United Kingdom,ECON_STOCKMARKET,1
11/30/2015,US,United States,ECON_STOCKMARKET,2
12/01/2015,CH,China,ECON_STOCKMARKET,1
12/01/2015,DA,Denmark,ECON_STOCKMARKET,1
12/01/2015,GM,Germany,ECON_STOCKMARKET,2
12/01/2015,IN,India,ECON_STOCKMARKET,2
12/01/2015,KS,"Korea, South",ECON_STOCKMARKET,2
12/01/2015,SY,Syria,ECON_STOCKMARKET,1
12/01/2015,UK,United Kingdom,ECON_STOCKMARKET,2
12/01/2015,UP,Ukraine,ECON_STOCKMARKET,1
12/01/2015,US,United States,ECON_STOCKMARKET,2
12/02/2015,CA,Canada,ECON_STOCKMARKET,1
12/02/2015,CH,China,ECON_STOCKMARKET,6
12/02/2015,DA,Denmark,ECON_STOCKMARKET,1
12/02/2015,EG,Egypt,ECON_STOCKMARKET,1
12/02/2015,FR,France,ECON_STOCKMARKET,1
12/02/2015,IT,Italy,ECON_STOCKMARKET,1
12/02/2015,UK,United Kingdom,ECON_STOCKMARKET,1
12/02/2015,US,United States,ECON_STOCKMARKET,5
12/03/2015,AU,Austria,ECON_STOCKMARKET,4
12/03/2015,BL,Bolivia,ECON_STOCKMARKET,1
12/03/2015,CH,China,ECON_STOCKMARKET,5
12/03/2015,JA,Japan,ECON_STOCKMARKET,8
12/03/2015,MX,Mexico,ECON_STOCKMARKET,1
12/03/2015,RO,Romania,ECON_STOCKMARKET,2
12/03/2015,RS,Russia,ECON_STOCKMARKET,4
12/04/2015,CA,Canada,ECON_STOCKMARKET,2
12/04/2015,CH,China,ECON_STOCKMARKET,1
12/04/2015,FI,Finland,ECON_STOCKMARKET,1
12/04/2015,FR,France,ECON_STOCKMARKET,2
12/04/2015,GM,Germany,ECON_STOCKMARKET,6
12/04/2015,MX,Mexico,ECON_STOCKMARKET,1
12/04/2015,UK,United Kingdom,ECON_STOCKMARKET,4
12/04/2015,US,United States,ECON_STOCKMARKET,1
12/05/2015,LG,Latvia,ECON_STOCKMARKET,1
12/05/2015,UK,United Kingdom,ECON_STOCKMARKET,2
12/06/2015,TU,Turkey,ECON_STOCKMARKET,4
12/07/2015,CH,China,ECON_STOCKMARKET,4
12/07/2015,GR,Greece,ECON_STOCKMARKET,2
12/07/2015,HK,Hong Kong,ECON_STOCKMARKET,4
12/07/2015,IN,India,ECON_STOCKMARKET,1
12/07/2015,JA,Japan,ECON_STOCKMARKET,1
12/07/2015,RS,Russia,ECON_STOCKMARKET,2
12/07/2015,UK,United Kingdom,ECON_STOCKMARKET,3
12/07/2015,US,United States,ECON_STOCKMARKET,2
12/08/2015,CH,China,ECON_STOCKMARKET,25
12/08/2015,FR,France,ECON_STOCKMARKET,1
12/08/2015,RS,Russia,ECON_STOCKMARKET,4
12/08/2015,SZ,Switzerland,ECON_STOCKMARKET,1
12/08/2015,UK,United Kingdom,ECON_STOCKMARKET,1
12/08/2015,US,United States,ECON_STOCKMARKET,9
12/08/2015,VM,Vietnam,ECON_STOCKMARKET,1
12/09/2015,CH,China,ECON_STOCKMARKET,3
12/09/2015,RS,Russia,ECON_STOCKMARKET,2
12/09/2015,SP,Spain,ECON_STOCKMARKET,4
12/09/2015,SW,Sweden,ECON_STOCKMARKET,1
12/09/2015,SZ,Switzerland,ECON_STOCKMARKET,1
12/09/2015,UK,United Kingdom,ECON_STOCKMARKET,1
12/09/2015,US,United States,ECON_STOCKMARKET,5
12/10/2015,CH,China,ECON_STOCKMARKET,2
12/10/2015,CO,Colombia,ECON_STOCKMARKET,1
12/10/2015,ID,Indonesia,ECON_STOCKMARKET,1
12/10/2015,IN,India,ECON_STOCKMARKET,2
12/10/2015,IT,Italy,ECON_STOCKMARKET,4
12/10/2015,IZ,Iraq,ECON_STOCKMARKET,1
12/10/2015,JA,Japan,ECON_STOCKMARKET,2
12/10/2015,NL,Netherlands,ECON_STOCKMARKET,1
12/10/2015,PO,Portugal,ECON_STOCKMARKET,2
12/10/2015,UK,United Kingdom,ECON_STOCKMARKET,2
12/10/2015,US,United States,ECON_STOCKMARKET,1
12/11/2015,CH,China,ECON_STOCKMARKET,12
12/11/2015,GM,Germany,ECON_STOCKMARKET,5
12/11/2015,RP,Philippines,ECON_STOCKMARKET,1
12/11/2015,SZ,Switzerland,ECON_STOCKMARKET,2
12/11/2015,TW,Taiwan,ECON_STOCKMARKET,3
12/11/2015,UK,United Kingdom,ECON_STOCKMARKET,1
12/11/2015,US,United States,ECON_STOCKMARKET,2
12/12/2015,US,United States,ECON_STOCKMARKET,4
12/13/2015,LO,Slovakia,ECON_STOCKMARKET,1
12/13/2015,NI,Nigeria,ECON_STOCKMARKET,1
12/14/2015,CA,Canada,ECON_STOCKMARKET,3
12/14/2015,CH,China,ECON_STOCKMARKET,1
12/14/2015,GR,Greece,ECON_STOCKMARKET,1
12/14/2015,HK,Hong Kong,ECON_STOCKMARKET,1
12/14/2015,JA,Japan,ECON_STOCKMARKET,5
12/14/2015,SF,South Africa,ECON_STOCKMARKET,1
12/14/2015,UK,United Kingdom,ECON_STOCKMARKET,1
12/14/2015,US,United States,ECON_STOCKMARKET,3
12/15/2015,AR,Argentina,ECON_STOCKMARKET,2
12/15/2015,BR,Brazil,ECON_STOCKMARKET,3
12/15/2015,BY,Burundi,ECON_STOCKMARKET,1
12/15/2015,CI,Chile,ECON_STOCKMARKET,25
12/15/2015,IN,India,ECON_STOCKMARKET,3
12/15/2015,IT,Italy,ECON_STOCKMARKET,2
12/15/2015,JA,Japan,ECON_STOCKMARKET,1
12/15/2015,MX,Mexico,ECON_STOCKMARKET,3
12/15/2015,NI,Nigeria,ECON_STOCKMARKET,1
12/15/2015,SZ,Switzerland,ECON_STOCKMARKET,3
12/16/2015,AS,Australia,ECON_STOCKMARKET,1
12/16/2015,CH,China,ECON_STOCKMARKET,6
12/16/2015,GR,Greece,ECON_STOCKMARKET,1
12/16/2015,IN,India,ECON_STOCKMARKET,2
12/16/2015,JA,Japan,ECON_STOCKMARKET,4
12/16/2015,KE,Kenya,ECON_STOCKMARKET,2
12/16/2015,MY,Malaysia,ECON_STOCKMARKET,1
12/16/2015,NI,Nigeria,ECON_STOCKMARKET,1
12/16/2015,US,United States,ECON_STOCKMARKET,3
12/17/2015,AR,Argentina,ECON_STOCKMARKET,2
12/17/2015,CH,China,ECON_STOCKMARKET,11
12/17/2015,GH,Ghana,ECON_STOCKMARKET,1
12/17/2015,IN,India,ECON_STOCKMARKET,4
12/17/2015,NL,Netherlands,ECON_STOCKMARKET,1
12/17/2015,RS,Russia,ECON_STOCKMARKET,4
12/17/2015,US,United States,ECON_STOCKMARKET,2
12/17/2015,VM,Vietnam,ECON_STOCKMARKET,1
12/18/2015,CH,China,ECON_STOCKMARKET,3
12/18/2015,IT,Italy,ECON_STOCKMARKET,1
12/18/2015,LE,Lebanon,ECON_STOCKMARKET,1
12/18/2015,LH,Lithuania,ECON_STOCKMARKET,1
12/18/2015,RO,Romania,ECON_STOCKMARKET,2
12/18/2015,RP,Philippines,ECON_STOCKMARKET,1
12/18/2015,UP,Ukraine,ECON_STOCKMARKET,1
12/18/2015,US,United States,ECON_STOCKMARKET,11
12/19/2015,EG,Egypt,ECON_STOCKMARKET,1
12/19/2015,GM,Germany,ECON_STOCKMARKET,5
12/19/2015,NL,Netherlands,ECON_STOCKMARKET,1
12/19/2015,UK,United Kingdom,ECON_STOCKMARKET,1
12/19/2015,US,United States,ECON_STOCKMARKET,1
12/20/2015,SN,Singapore,ECON_STOCKMARKET,1
12/20/2015,TH,Thailand,ECON_STOCKMARKET,1
12/20/2015,UK,United Kingdom,ECON_STOCKMARKET,4
12/21/2015,AS,Australia,ECON_STOCKMARKET,4
12/21/2015,CH,China,ECON_STOCKMARKET,7
12/21/2015,CI,Chile,ECON_STOCKMARKET,1
12/21/2015,ID,Indonesia,ECON_STOCKMARKET,3
12/21/2015,IN,India,ECON_STOCKMARKET,10
12/21/2015,KS,"Korea, South",ECON_STOCKMARKET,3
12/21/2015,SN,Singapore,ECON_STOCKMARKET,7
12/21/2015,SW,Sweden,ECON_STOCKMARKET,1
12/21/2015,US,United States,ECON_STOCKMARKET,4
12/22/2015,CH,China,ECON_STOCKMARKET,8
12/22/2015,FR,France,ECON_STOCKMARKET,2
12/22/2015,HK,Hong Kong,ECON_STOCKMARKET,5
12/22/2015,ID,Indonesia,ECON_STOCKMARKET,1
12/22/2015,IN,India,ECON_STOCKMARKET,2
12/22/2015,MX,Mexico,ECON_STOCKMARKET,3
12/22/2015,NO,Norway,ECON_STOCKMARKET,1
12/22/2015,SN,Singapore,ECON_STOCKMARKET,1
12/22/2015,SP,Spain,ECON_STOCKMARKET,2
12/22/2015,SW,Sweden,ECON_STOCKMARKET,2
12/22/2015,US,United States,ECON_STOCKMARKET,12
12/23/2015,AS,Australia,ECON_STOCKMARKET,1
12/23/2015,CH,China,ECON_STOCKMARKET,1
12/23/2015,FR,France,ECON_STOCKMARKET,1
12/23/2015,JA,Japan,ECON_STOCKMARKET,11
12/23/2015,RS,Russia,ECON_STOCKMARKET,6
12/23/2015,US,United States,ECON_STOCKMARKET,9
12/24/2015,CH,China,ECON_STOCKMARKET,1
12/24/2015,GM,Germany,ECON_STOCKMARKET,1
12/24/2015,UK,United Kingdom,ECON_STOCKMARKET,5
12/25/2015,FR,France,ECON_STOCKMARKET,1
12/25/2015,GM,Germany,ECON_STOCKMARKET,28
12/25/2015,TW,Taiwan,ECON_STOCKMARKET,7
12/26/2015,KU,Kuwait,ECON_STOCKMARKET,3
12/26/2015,RS,Russia,ECON_STOCKMARKET,1
12/28/2015,BR,Brazil,ECON_STOCKMARKET,1
12/28/2015,CH,China,ECON_STOCKMARKET,3
12/28/2015,FR,France,ECON_STOCKMARKET,1
12/28/2015,JA,Japan,ECON_STOCKMARKET,2
12/28/2015,TU,Turkey,ECON_STOCKMARKET,5
12/28/2015,US,United States,ECON_STOCKMARKET,1
12/29/2015,CA,Canada,ECON_STOCKMARKET,2
12/29/2015,CH,China,ECON_STOCKMARKET,2
12/29/2015,GM,Germany,ECON_STOCKMARKET,1
12/29/2015,HK,Hong Kong,ECON_STOCKMARKET,1
12/29/2015,RS,Russia,ECON_STOCKMARKET,1
12/29/2015,SP,Spain,ECON_STOCKMARKET,2
12/29/2015,US,United States,ECON_STOCKMARKET,1
12/29/2015,VM,Vietnam,ECON_STOCKMARKET,21
12/30/2015,MY,Malaysia,ECON_STOCKMARKET,1
12/30/2015,RB,#N/A,ECON_STOCKMARKET,1
12/30/2015,US,United States,ECON_STOCKMARKET,4
12/31/2015,CH,China,ECON_STOCKMARKET,7
12/31/2015,FR,France,ECON_STOCKMARKET,1
12/31/2015,JA,Japan,ECON_STOCKMARKET,1
12/31/2015,KS,"Korea, South",ECON_STOCKMARKET,2
12/31/2015,PO,Portugal,ECON_STOCKMARKET,1
12/31/2015,TH,Thailand,ECON_STOCKMARKET,1
12/31/2015,US,United States,ECON_STOCKMARKET,3
12/31/2015,VM,Vietnam,ECON_STOCKMARKET,6
,,,,
,,,,
,,,,
,,,,
,,,,
,,,,
,,,,
,,,,
,,,,
,,,,
,,,,
,,,,
,,,,
,,,,
,,,,
,,,,
,,,,
,,,,
,,,,
,,,,
,,,,
,,,,
,,,,
,,,,
,,,,
,,,,
,,,,
,,,,
,,,,
,,,,
,,,,
,,,,
,,,,
,,,,
,,,,
,,,,
,,,,
,,,,
,,,,
,,,,
,,,,
,,,,
,,,,
,,,,
,,,,
,,,,
,,,,
,,,,
,,,,
,,,,
,,,,
,,,,
,,,,
,,,,
,,,,
,,,,
,,,,
,,,,
,,,,
,,,,
,,,,
,,,,
,,,,
,,,,
,,,,
,,,,
,,,,
,,,,
,,,,
,,,,
,,,,
,,,,
,,,,
,,,,
,,,,
,,,,
,,,,
,,,,
,,,,
,,,,
,,,,
,,,,
,,,,
,,,,
,,,,
,,,,
,,,,
,,,,
,,,,
,,,,
,,,,
,,,,
,,,,
,,,,
,,,,
,,,,
,,,,
,,,,
,,,,
,,,,
,,,,
,,,,
,,,,
,,,,
,,,,
,,,,
,,,,
,,,,
,,,,
,,,,
,,,,
,,,,
,,,,
,,,,
,,,,
,,,,
,,,,
,,,,
,,,,
,,,,
,,,,
,,,,
,,,,
,,,,
,,,,
,,,,
,,,,
,,,,
,,,,
,,,,
,,,,
,,,,
,,,,
,,,,
,,,,
,,,,
,,,,
,,,,
,,,,
,,,,
,,,,
,,,,
,,,,
,,,,
,,,,
,,,,
,,,,
,,,,
,,,,
,,,,
,,,,
,,,,
,,,,
,,,,
,,,,
,,,,
,,,,
,,,,
,,,,
,,,,
,,,,
,,,,
,,,,
,,,,
,,,,
,,,,
,,,,
,,,,
,,,,
,,,,
,,,,
,,,,
,,,,
,,,,
,,,,
,,,,
,,,,
,,,,
,,,,
,,,,
,,,,
,,,,
,,,,
,,,,
,,,,
,,,,
,,,,
,,,,
,,,,
,,,,
,,,,
,,,,
,,,,
,,,,
,,,,
,,,,
,,,,
,,,,
,,,,
,,,,
,,,,
,,,,
,,,,
,,,,
,,,,
,,,,
,,,,
,,,,
,,,,
,,,,
,,,,
,,,,
,,,,
,,,,
,,,,
,,,,
,,,,
,,,,
,,,,
,,,,
,,,,
,,,,
,,,,
,,,,
